•½¬‚Q‚U”N‚S‚P“ϊ‚©‚η•½¬‚Q‚V”N‚R‚Q‚U“ϊ‚ά‚Ε,,,,,,,,,,,
“όD“ϊ,·s‰Ϋ–Ό,–‹Ζ’S“–‰Ϋ,H–”Τ†,H––Ό,H–κ@,_–ρ‹Ζ–Ό,—\’θ‰Ώi,Ε’α§ΐ‰Ώiα‚µ‚­‚Ν’²Έξ€‰Ώi,—D‰Ώi,‰D‹Ζ”,“όD`®
20150323,Ό–΄K’nζU‹»•”,X—Ρ®”υ‰Ϋ,•½¬‚Q‚U”N“x@•‹@‘ζ‚T†|‚R,•‹΅R–‹Ζέv‹Ζ–±,“c•Σs—΄_‘Ίΐδγ‘Ί@’n“ΰ,“ϊ‚‘—Κέv”®‰οΠ,2509920,1928641,2345760,8,κ”Κ‹£‘“όD
20150318,“ϊ‚’nζU‹»•”,”_‹Ζ”_‘Ί®”υ‰Ϋ,•½¬‚Q‚U”N“x@’n‚·‚Χ‚θ@‘ζ‚X†|‚T‚P,”ΣξF‰’n‹ζ’n‚·‚Χ‚θΟ‘‹Ζ–±,“ϊ‚S‚έ‚Θ‚Χ’¬”ΣξAF‰@’n“ΰ,”®‰οΠ“ϊ‚‘’n," 4,784,400 "," 3,945,784 "," 3,951,720 ",20,κ”Κ‹£‘“όD
20150318,“ϊ‚’nζU‹»•”,X—Ρ®”υ‰Ϋ,•½¬‚Q‚U”N“x@•β³E•‹@‘ζ‚P†,•‹΅R–‹Ζ,“ϊ‚S“ϊ‚μ’¬‘ε@F£@@–k’J@’n“ΰ,”®‰οΠ΄…," 27,000,000 "," 24,286,173 "," 24,300,000 ",38,κ”Κ‹£‘“όD
20150317,Ι“s’nζU‹»•”,”_‹Ζ”_‘Ί®”υ‰Ϋ,•½¬‚Q‚U”N“x@’n‚·‚Χ‚θ@‘ζ‚W†|‚R,’n‚·‚Χ‚θ‘Ξτ–‹Ζ@‹g΄“c΄’n‹ζ@…”²‚«ƒ{[ƒƒ“ƒO‚»‚Μ‚QH–,‹΄–{s‹g΄’n“ΰ,”®‰οΠΆ‹IH‹Ζ," 12,222,360 "," 10,927,776 "," 11,017,080 ",6,κ”Κ‹£‘“όD
20150317,Ι“s’nζU‹»•”,”_‹Ζ”_‘Ί®”υ‰Ϋ,•½¬‚Q‚U”N“x@’n‚·‚Χ‚θ@‘ζ‚W†|‚T‚R,’n‚·‚Χ‚θ‘Ξτ–‹Ζ@‹g΄“c΄’n‹ζ@’n‚·‚Χ‚θΟ‘‹Ζ–±,‹΄–{s‹g΄’n“ΰ,”®‰οΠΞδƒRƒ“ƒTƒ‹ƒ^ƒ“ƒg," 2,484,000 "," 2,203,756 "," 2,246,400 ",21,κ”Κ‹£‘“όD
20150317,Ι“s’nζU‹»•”,X—Ρ®”υ‰Ϋ,•½¬‚Q‚U”N“x@•β³E—\–h@‘ζ‚P†,—\–h΅R–‹Ζ,‹΄–{sR“c‰E•Καc@’n“ΰ,—Lΐ‰οΠκ—zέ," 21,660,480 "," 19,083,908 "," 19,369,800 ",6,κ”Κ‹£‘“όD
20150316,Ό–΄K’nζU‹»•”,X—Ρ®”υ‰Ϋ,•½¬‚Q‚U”N“x@•β³E•‹@‘ζ‚Q†,•‹΅R–‹Ζ,Ό–΄KSγ•x“c’¬sƒm£Ύμ@’n“ΰ,”®‰οΠ–F—{έ," 18,000,360 "," 16,071,791 "," 16,080,120 ",25,κ”Κ‹£‘“όD
20150313,“ϊ‚’nζU‹»•”,”_‹Ζ”_‘Ί®”υ‰Ϋ,•½¬‚Q‚U”N“x@’n‚·‚Χ‚θ@‘ζ‚X†|‚R,”ΣξF‰’n‹ζ’n‚·‚Χ‚θ‘Ξτ‚»‚Μ‚RH–,“ϊ‚S‚έ‚Θ‚Χ’¬F‰’n“ΰ,—Lΐ‰οΠ“ϊ‚ƒ‰ƒCƒ“," 2,975,400 "," 2,656,782 "," 2,974,320 ",2,κ”Κ‹£‘“όD
20150310,Ό–΄K’nζU‹»•”,X—Ρ®”υ‰Ϋ,•½¬‚Q‚U”N“x@•‹@‘ζ‚P‚Q†|‚P,•‹΅R–‹Ζ,“c•Σs—΄_‘Ί—΄_ά•S΄@’n“ΰ,”®‰οΠΙ“΅‘g,45846000,40834115,41002200,22,κ”Κ‹£‘“όDi‘‡•]‰Ώj
20150224,Ι“s’nζU‹»•”,”_‹Ζ”_‘Ί®”υ‰Ϋ,•½¬‚Q‚U”N“x@’n‚·‚Χ‚θ@‘ζ‚W†|‚T‚Q,’n‚·‚Χ‚θ‘Ξτ–‹Ζ@‹g΄“c΄’n‹ζ@“yΏ’²Έ‹Ζ–±,‹΄–{s‹g΄’n“ΰ,Ό”¨‘—Κέv”®‰οΠ,1965600,1565091,1571400,19,κ”Κ‹£‘“όD
20150217,Ό–΄K’nζU‹»•”,X—Ρ®”υ‰Ϋ,•½¬‚Q‚T”N“x@•β³E•‹@‘ζ‚Q†|‚T,•‹΅R–‹Ζέv‹Ζ–±,Ό–΄KSγ•x“c’¬‰¬‹½@’n“ΰ,Όq‹σ‘—Κ”®‰οΠ,1886760,1411981,1697760,5,κ”Κ‹£‘“όD
20150216,Ό–΄K’nζU‹»•”,X—Ρ®”υ‰Ϋ,•½¬‚Q‚U”N“x@§–h@‘ζ‚Q‚Q†,§“y–hΠ‘Ξτ΅R–‹Ζ,“c•Σs’†•ΣH’¬Ξ‘Dγ•½@’n“ΰ,”®‰οΠO²‘g,5246640,4577972,4707720,4,κ”Κ‹£‘“όD
20150212,C‘’nζU‹»•”,”_‹Ζ”_‘Ί®”υ‰Ϋ,•½¬‚Q‚U”N“x@’²ΈΗ—@‘ζ‚P‚V†|‚P‚P,’†“c’n‹ζ@’n‚·‚Χ‚θ–h~‹ζζ•W’έ’u‘—Κ‹Ζ–±,C‘S‹I”ό–μ’¬’†“c’n“ΰ,”®‰οΠƒI[ƒV[ƒeƒB[,896400,651401,655452,5,κ”Κ‹£‘“όD
20150203,“ί‰κ’nζU‹»•”,”_‹Ζ”_‘Ί®”υ‰Ϋ,•½¬‚Q‚U”N“x@’†RΤ@‘ζ‚S†|‚T‚Q,‰Ί’O¶’J’n‹ζ“yΏ’²Έ‹Ζ–±,‹I‚Μμs‰Ί’O¶’JA“–μ@’n“ΰ,Β—tƒRƒ“ƒTƒ‹ƒ^ƒ“ƒg”®‰οΠ,2926800,2306496,2323080,27,κ”Κ‹£‘“όD
20150127,Ι“s’nζU‹»•”,”_‹Ζ”_‘Ί®”υ‰Ϋ,•½¬‚Q‚T”N“x@’†RΤ@‘ζ‚R†|‚T‚T,’†RΤ‘‡®”υ–‹Ζ@‹g΄’n‹ζ@‘—Κ‹Ζ–±,‹΄–{s‹g΄’n“ΰ,”®‰οΠO ,2754000,2002703,2018520,21,κ”Κ‹£‘“όD
20150123,Ό–΄K’nζU‹»•”,”_‹Ζ”_‘Ί®”υ‰Ϋ,•½¬‚Q‚U”N“x@’²ΈΗ—@‘ζ‚V†|‚P,’Ή‚Μ‘ƒ’n‹ζ{έ®”υH–,“c•ΣsV―’¬’n“ΰ,”®‰οΠW,692280,628300,691200,1,κ”Κ‹£‘“όD
20150122,“ϊ‚’nζU‹»•”,”_‹Ζ”_‘Ί®”υ‰Ϋ,•½¬‚Q‚U”N“x@®‘£@‘ζ‚P†|‚T‚R,μ•Σ’¬ό•Σ…ΉH‹ζ’n‹ζ‘—…{έΐ{έv‚»‚Μ‚Q‹Ζ–±,“ϊ‚S“ϊ‚μ’¬a²’n“ΰ,”®‰οΠ‹ί‘γ‹Z¤,3942000,2906324,3015792,7,κ”Κ‹£‘“όD
20150122,“ϊ‚’nζU‹»•”,”_‹Ζ”_‘Ί®”υ‰Ϋ,•½¬‚Q‚U”N“x@®‘£@‘ζ‚P†|‚T‚S,μ•Σ’¬ό•Σ…ΉH‹ζ’n‹ζ‘—…{έ“yΏ’²Έ‹Ζ–±,“ϊ‚S“ϊ‚μ’¬a²’n“ΰ,”®‰οΠ•“cξ‘b’²Έ,2559600,1981061,1993680,27,κ”Κ‹£‘“όD
20150122,“ϊ‚’nζU‹»•”,”_‹Ζ”_‘Ί®”υ‰Ϋ,•½¬‚Q‚U”N“x@‚½‚ί’r“™@‘ζ‚Q‚Q†|‚P,‘ε’J’r’n‹ζ•t‘ΡH–,“ϊ‚S“ϊ‚’¬u‰κ’n“ΰ,—Lΐ‰οΠ΄…‘g,6497280,5783277,5797980,24,κ”Κ‹£‘“όD
20150121,C‘’nζU‹»•”,”_‹Ζ”_‘Ί®”υ‰Ϋ,•½¬‚Q‚U”N“x@’n‚·‚Χ‚θ@‘ζ‚P†|‚P‚R,‰i’J‚Rϊ’n‹ζ@’nΏ’²Έ‹Ζ–±,C‘S‹I”ό–μ’¬‰i’J’n“ΰ,Β—tƒRƒ“ƒTƒ‹ƒ^ƒ“ƒg”®‰οΠ,2473200,1975629,1976400,20,κ”Κ‹£‘“όD
20150121,—L“c’nζU‹»•”,”_‹Ζ”_‘Ί®”υ‰Ϋ,•½¬‚Q‚T”N“x@’n‚·‚Χ‚θ@‘ζ‚U†|‚Q,l“c‚Qϊ’n‹ζW…ƒ{[ƒƒ“ƒOi‚»‚Μ‚QjH–,—L“cS—L“cμ’¬£δ’n“ΰ,”®‰οΠ‰Ν“c—L‹I’nΏξ‘b,11485800,10504152,11479320,6,κ”Κ‹£‘“όD
20150121,—L“c’nζU‹»•”,”_‹Ζ”_‘Ί®”υ‰Ϋ,•½¬‚Q‚U”N“x@‚ΩκΒ‹«@‘ζ‚P†|‚Q,μϋ’n‹ζ—g…‹@κ•t‘ΡH–,—L“cS—L“cμ’¬β–μ‰Ν’n“ΰ,”®‰οΠƒPƒCƒY,790560,689407,787320,2,κ”Κ‹£‘“όD
20150121,—L“c’nζU‹»•”,”_‹Ζ”_‘Ί®”υ‰Ϋ,•½¬‚Q‚U”N“x@‚½‚ί’r“™@‘ζ‚P‚R†|‚T‚O,‘ε’J’r’n‹ζ’²Έ‹Ζ–±,—L“cS“’σ’¬Β–Ψ’n“ΰ,”®‰οΠ”’•l,1468800,1123961,1126440,16,κ”Κ‹£‘“όD
20150120,“ί‰κ’nζU‹»•”,X—Ρ®”υ‰Ϋ,•½¬‚Q‚U”N“x@—Ξ‰Τ@‘ζ‚P†,a‰ΜR§A•¨φ‰€—Ξ‰ΤƒZƒ“ƒ^[AΝ’n‘Ά¬–‹Ζ,βos“β–{’n“ΰ,™“‡‘Ά‰€,3503520,3144308,3144636,28,κ”Κ‹£‘“όD
20150119,C‘’nζU‹»•”,”_‹Ζ”_‘Ί®”υ‰Ϋ,•½¬‚Q‚U”N“x@’²ΈΗ—@‘ζ‚P‚R†|‚S,C‘’n‹ζ@’n‚·‚Χ‚θ–h~{έΫΗ—H–,C“μs‰Ί’Γ’¬‘εEO’n“ΰ,V’J‘g,3124440,2759460,3078000,2,κ”Κ‹£‘“όD
20150119,Ό–΄K’nζU‹»•”,X—Ρ®”υ‰Ϋ,•½¬‚Q‚U”N“x@§–h@‘ζ‚Q‚R†,§“y–hΠ‘Ξτ΅R–‹Ζ,Ό–΄KS”’•l’¬―μ‹½’n’J@’n“ΰ,”®‰οΠW,2826360,2476378,2515320,3,κ”Κ‹£‘“όD
20150114,—L“c’nζU‹»•”,”_‹Ζ”_‘Ί®”υ‰Ϋ,•½¬‚Q‚U”N“x@‚½‚ί’r“™@‘ζ‚Q‚P†|‚Q,…–μV’r’n‹ζ@‚½‚ί’r•t‘ΡH–,—L“cS—L“cμ’¬…–μ’n“ΰ,Lμέ,1192320,1076729,1188000,1,κ”Κ‹£‘“όD
20141222,Ό–΄K’nζU‹»•”,”_‹Ζ”_‘Ί®”υ‰Ϋ,•½¬‚Q‚U”N“x@’n‚·‚Χ‚θ@‘ζ‚Q†|‚T‚Q,γ–μ“’n‹ζ’n‚·‚Χ‚θ–h~‹ζζ‘—Κ‹Ζ–±,“c•Σsγ–μ’n“ΰ,ƒeƒNƒm•x‹M”®‰οΠ,6210000,4800529,5767200,8,κ”Κ‹£‘“όD
20141222,Ό–΄K’nζU‹»•”,X—Ρ®”υ‰Ϋ,•½¬‚Q‚T”N“x@’n–h@‘ζ‚P†|‚U,’nζ–hΠ‘Ξτ‘‡΅R–‹Ζ,“c•ΣsH’ΓμX”V”φ@’n“ΰ,—Lΐ‰οΠƒAƒZƒXƒƒ“ƒg,17089920,15162338,15228000,5,κ”Κ‹£‘“όD
20141217,“ϊ‚’nζU‹»•”,”_‹Ζ”_‘Ί®”υ‰Ϋ,•½¬‚Q‚T”N“x@ν–h@‘ζ‚Q†|‚Q,μ•Σό•Σ3ϊ’n‹ζ‘—…{έXV‚»‚Μ‚RH–,“ϊ‚Sσ“μ’¬“‡“c’n“ΰ,—Lΐ‰οΠ‹ί‹E‹I‚Μ‘Y,8382960,7452476,7538832,5,κ”Κ‹£‘“όD
20141217,“ϊ‚’nζU‹»•”,”_‹Ζ”_‘Ί®”υ‰Ϋ,•½¬‚Q‚U”N“x@®‘£@‘ζ‚Q†|‚P,a‰ΜR‚Pϊ’n‹ζ–Ό“cH‹ζ‹Ω‹}Υ’f•Ω®”υ‚»‚Μ‚PH–,δ–VsF–μ’n“ΰ,‚©‚²‚Ν‚½d‹@,9398160,8424137,8475840,6,κ”Κ‹£‘“όD
20141215,Ό–΄K’nζU‹»•”,”_‹Ζ”_‘Ί®”υ‰Ϋ,•½¬‚Q‚U”N“x@©μ”_@‘ζ‚P†,‘—L”_’n•Ϋ‘S’²Έ‘—Κέv‹Ζ–±,Ό–΄KS”’•l’¬δƒmΕ’n“ΰ,›‘—Κ”®‰οΠ,259200,197442,248400,2,κ”Κ‹£‘“όD
20141210,—L“c’nζU‹»•”,”_‹Ζ”_‘Ί®”υ‰Ϋ,•½¬‚Q‚T”N“x@’n‚·‚Χ‚θ@‘ζ‚U†|‚P,l“c‚Qϊ’n‹ζ@W…ƒ{[ƒƒ“ƒOi‚»‚Μ‚PjH–,—L“cS—L“cμ’¬£δ’n“ΰ,”®‰οΠ‰Ν“c—L‹I’nΏξ‘b,15514200,13957536,13989132,9,κ”Κ‹£‘“όD
20141210,—L“c’nζU‹»•”,X—Ρ®”υ‰Ϋ,•½¬‚Q‚U”N“x@•‹@‘ζ‚R†|‚R,”Β”φ’n‹ζ•‹΅RH–,—L“cS—L“cμ’¬”Β”φ–Ψ’n‰®’n“ΰ,D–{‘g,10823760,9647110,9649028,20,κ”Κ‹£‘“όD
20141209,Ι“s’nζU‹»•”,”_‹Ζ”_‘Ί®”υ‰Ϋ,•½¬‚Q‚U”N“x@’²ΈΗ—@‘ζ‚P‚W†|‚T‚P,‹g΄“c΄’n‹ζ@’n‚·‚Χ‚θ–h~‹ζζ•W’έ’u‹Ζ–±,‹΄–{s‹g΄A‚–μϋ’¬“c΄@’n“ΰ,”®‰οΠ“ssJ”­έv––±,961200,680116,860274,8,κ”Κ‹£‘“όD
20141208,Ό–΄K’nζU‹»•”,X—Ρ®”υ‰Ϋ,•½¬‚Q‚T”N“x@•‹@‘ζ‚P‚Q†|‚R,•‹΅R–‹Ζ,“c•ΣsΌμ‰”R@’n“ΰ,‹I“H‰c”®‰οΠ,17207640,15327533,15437952,7,κ”Κ‹£‘“όD
20141203,“ί‰κ’nζU‹»•”,”_‹Ζ”_‘Ί®”υ‰Ϋ,•½¬‚Q‚U”N“x@§„@‘ζ‚Q†|‚T‚P,‘P“c’n‹ζ’n‚·‚Χ‚θ’²ΈΟ‘‹Ζ–±,‹I‚Μμs“R’¬‘P“c’n“ΰ,”®‰οΠƒf[ƒ^‹Z¤,3391200,2790887,2807395,11,κ”Κ‹£‘“όD
20141203,“ϊ‚’nζU‹»•”,”_‹Ζ”_‘Ί®”υ‰Ϋ,•½¬‚Q‚T”N“x@…‡—@‘ζ‚R†|‚R,a‰ΜR’n‹ζ“ϊ‚H‹ζa“c…–ε“™®”υΐ{έv‹Ζ–±,“ϊ‚S”ό•l’¬a“c’n“ΰ,‚m‚s‚bƒRƒ“ƒTƒ‹ƒ^ƒ“ƒc”®‰οΠa‰ΜR‰c‹Ζ,7516800,5435685,6480000,3,κ”Κ‹£‘“όD
20141202,Ι“s’nζU‹»•”,”_‹Ζ”_‘Ί®”υ‰Ϋ,•½¬‚Q‚U”N“x@’²ΈΗ—@‘ζ‚P†|‚P,Cέ•Ϋ‘SE’n‚·‚Χ‚θ–h~‹ζζ’²ΈΗ—–‹Ζ@Όa“c’n‹ζ‚W†”r…HC‘UH–,Ι“sS‚©‚Β‚η‚¬’¬Όa“c’n“ΰ,—Lΐ‰οΠ‹γ\‹γέ,1077840,973503,986040,3,κ”Κ‹£‘“όD
20141202,“ί‰κ’nζU‹»•”,”_‹Ζ”_‘Ί®”υ‰Ϋ,•½¬‚Q‚U”N“x@‚½‚ί’r“™@‘ζ‚P‚Q†|‚P,Ό‚Μ’r•‘ΡH–,‹I‚Μμs“R’¬Εγ’n“ΰ,”®‰οΠ‰„σH‹Ζ,3788640,3340119,3434400,2,κ”Κ‹£‘“όD
20141126,“ϊ‚’nζU‹»•”,”_‹Ζ”_‘Ί®”υ‰Ϋ,•½¬‚Q‚U”N“x@§„@‘ζ‚R†|‚P,μ•Σ’¬ό•Σ’n‹ζ…ΉH‹ζ—g…‹@κXVέv‹Ζ–±,“ϊ‚S“ϊ‚μ’¬a²’n“ΰ,‚m‚s‚bƒRƒ“ƒTƒ‹ƒ^ƒ“ƒc”®‰οΠa‰ΜR‰c‹Ζ,6912000,5006478,6372000,4,κ”Κ‹£‘“όD
20141121,“ϊ‚’nζU‹»•”,X—Ρ®”υ‰Ϋ,•½¬‚Q‚U”N“x@§–h@‘ζ‚P‚P†,§“y–hΠ‘Ξτ΅R–‹Ζ,“ϊ‚S“ϊ‚μ’¬‘εγ‰“’μ”«@’n“ΰ,—Lΐ‰οΠ“ϊ‚ƒ‰ƒCƒ“,3794040,3386514,3794040,1,κ”Κ‹£‘“όD
20141117,Ό–΄K’nζU‹»•”,”_‹Ζ”_‘Ί®”υ‰Ϋ,•½¬‚Q‚T”N“x@‚½‚ί’r“™@‘ζ‚Q‚R†|‚T‚P,O²V’r’n‹ζ”r…Hΐ{έv‹Ζ–±,“c•Σs’†O²’n“ΰ,”®‰οΠ‰R,2073600,1582756,1965600,11,κ”Κ‹£‘“όD
20141114,“ϊ‚’nζU‹»•”,X—Ρ®”υ‰Ϋ,•½¬‚Q‚U”N“x@§–h@‘ζ‚Q‚P†,§“y–hΠ‘Ξτ΅R–‹Ζ,“ϊ‚Sσ“μ’¬‘ε“‡“cQΫ@’n“ΰ,”®‰οΠΐ‘Ί¤“X,2700000,2422431,2437560,3,κ”Κ‹£‘“όD
20141112,C‘’nζU‹»•”,”_‹Ζ”_‘Ί®”υ‰Ϋ,•½¬‚Q‚U”N“x@’n‚·‚Χ‚θ@‘ζ‚P†|‚P‚Q,‰i’J‚Rϊ’n‹ζ@’n‚·‚Χ‚θƒuƒƒbƒN‰πΝ‹Ζ–±,C‘S‹I”ό–μ’¬‰i’J’n“ΰ,”®‰οΠγaέƒRƒ“ƒTƒ‹ƒ^ƒ“ƒg,5302800,3997154,4031856,9,κ”Κ‹£‘“όD
20141112,“ί‰κ’nζU‹»•”,”_‹Ζ”_‘Ί®”υ‰Ϋ,•½¬‚Q‚U”N“x@…‡—@‘ζ‚S†|‚Q,“΅θδ…H’†”—ƒQ[ƒg‰όCH–,βos’†”—’n“ΰ,”®‰οΠ΄‘g,13177080,12223381,12960000,2,κ”Κ‹£‘“όD
20141111,Ό–΄K’nζU‹»•”,X—Ρ®”υ‰Ϋ,•½¬‚Q‚U”N“x@•‹@‘ζ‚U†|‚Q,•‹΅R–‹Ζ,“c•Σs—΄_‘ΊOƒc–”—³“@’n“ΰ,”®‰οΠΙ“΅‘g,46969200,41807765,41899680,13,κ”Κ‹£‘“όDi‘‡•]‰Ώj
20141111,Ι“s’nζU‹»•”,”_‹Ζ”_‘Ί®”υ‰Ϋ,•½¬‚Q‚U”N“x@’n‚·‚Χ‚θ@‘ζ‚W†|‚Q,’n‚·‚Χ‚θ‘Ξτ–‹Ζ@‹g΄“c΄’n‹ζ@—¬––”r…HH–,‹΄–{s‹g΄’n“ΰ,‰‹΄έ,9994320,9130778,9695160,4,κ”Κ‹£‘“όD
20141111,Ό–΄K’nζU‹»•”,X—Ρ®”υ‰Ϋ,•½¬‚Q‚T”N“x@•β³E•‹@‘ζ‚Q†|‚S,•‹΅R–‹Ζ,Ό–΄KSγ•x“c’¬‰¬‹½@’n“ΰ,δ’Jέ,5937840,5259454,5273640,4,κ”Κ‹£‘“όD
20141105,“ί‰κ’nζU‹»•”,”_‹Ζ”_‘Ί®”υ‰Ϋ,•½¬‚Q‚T”N“x@”¨‘@‘ζ‚S†|‚X,1†”r…H“—p“ΉH•ά‘•4H‹ζH–,‹I‚Μμs’|–[’n“ΰ,”®‰οΠR“‘g,13927680,12706137,12727800,16,κ”Κ‹£‘“όD
20141105,—L“c’nζU‹»•”,”_‹Ζ”_‘Ί®”υ‰Ϋ,•½¬‚Q‚U”N“x@ξ…@‘ζ‚R†|‚P,—L“cμ’n‹ζ@‹ΰ‰®H‹ζ‘ζ‚Q…‘…‰όCH–,—L“cS—L“cμ’¬…–μ’n“ΰ,”®‰οΠƒPƒCƒY,31276800,27954425,28493640,3,κ”Κ‹£‘“όD
20141105,—L“c’nζU‹»•”,”_‹Ζ”_‘Ί®”υ‰Ϋ,•½¬‚Q‚U”N“x@ξ…@‘ζ‚R†|‚Q,—L“cμ’n‹ζ’Ή”φμH‹ζ‘ζ‚Q—g…‹@κƒoƒ‹ƒu•Ϋ‘SH–,—L“cs…‰δ’¬’†”Τ’n“ΰ,—Lΐ‰οΠΞd‹@,11994480,10826962,10837800,7,κ”Κ‹£‘“όD
20141027,Ό–΄K’nζU‹»•”,X—Ρ®”υ‰Ϋ,•½¬‚Q‚U”N“x@§–h@‘ζ‚P‚W†,§“y–hΠ‘Ξτ΅R–‹Ζ,“c•ΣsγH’Γ‰Ί¶ό@’n“ΰ,”®‰οΠΫ΄¤–,5914080,5208965,5229360,6,κ”Κ‹£‘“όD
20141021,“–΄K’nζU‹»•”,X—Ρ®”υ‰Ϋ,•½¬‚Q‚U”N“x@§–h@‘ζ‚Q†|‚Q,§“y–hΠ‘Ξτ΅R–‹Ζ’²Έ‹Ζ–±,“–΄KS“ί’q‰Y’¬‘ε “ί’qR  “μ’J@’n“ΰ,”®‰οΠ‰Κ–³,3636360,2816195,3634200,3,κ”Κ‹£‘“όD
20141017,C‘’nζU‹»•”,”_‹Ζ”_‘Ί®”υ‰Ϋ,•½¬‚Q‚U”N“x@ξ…@‘ζ‚P†|‚P,‰Ί’Γ’n‹ζ@”¨’n‚©‚ρ‚‚Ά{έXVH–,C“μs‰Ί’Γ’¬‘εθ’n“ΰ,”®‰οΠ•ym¤π,5889240,5275916,5886000,2,κ”Κ‹£‘“όD
20141017,C‘’nζU‹»•”,”_‹Ζ”_‘Ί®”υ‰Ϋ,•½¬‚Q‚U”N“x@’n‚·‚Χ‚θ@‘ζ‚S†|‚P,’†“c’n‹ζ@‚P†”r…H®”υH–,C‘S‹I”ό–μ’¬’†“c’n“ΰ,δ‰‘g,7793280,6891903,6933600,4,κ”Κ‹£‘“όD
20141017,“ϊ‚’nζU‹»•”,”_‹Ζ”_‘Ί®”υ‰Ϋ,•½¬‚Q‚U”N“x@’n‚·‚Χ‚θ@‘ζ‚X†|‚Q,”ΣξF‰’n‹ζ’n‚·‚Χ‚θ‘Ξτ‚»‚Μ‚QH–,“ϊ‚S‚έ‚Θ‚Χ’¬F‰’n“ΰ,‚©‚²‚Ν‚½d‹@,10201680,9191055,9210240,7,κ”Κ‹£‘“όD
20141017,“ϊ‚’nζU‹»•”,”_‹Ζ”_‘Ί®”υ‰Ϋ,•½¬‚Q‚T”N“x@’n‚·‚Χ‚θ@‘ζ‚X†|‚P,”ΣξF‰’n‹ζ’n‚·‚Χ‚θ‘ΞτH–,“ϊ‚S‚έ‚Θ‚Χ’¬”ΣξAF‰’n“ΰ,‹I“H‰c”®‰οΠ,19938960,17771590,17900913,5,κ”Κ‹£‘“όD
20141008,“ϊ‚’nζU‹»•”,”_‹Ζ”_‘Ί®”υ‰Ϋ,•½¬‚Q‚U”N“x@‚½‚ί’r“™@‘ζ‚P‚O†|‚Q,a‰ΜRi“ϊ‚j’n‹ζ‘ε’r’η‘Μ‰όCH–,“ϊ‚S“ϊ‚’¬¬’r’n“ΰ,β–{H–±“X,26293680,23741241,23837760,2,κ”Κ‹£‘“όD
20141007,“ί‰κ’nζU‹»•”,”_‹Ζ”_‘Ί®”υ‰Ϋ,•½¬‚Q‚T”N“x@‚½‚ί’r“™@‘ζ‚P‚O†|‚Q,‘ε’r‰όC‚»‚Μ‚PH–,βosRθ’n“ΰ,”®‰οΠ”¨’†Y‹Ζ,25779600,23090636,23716800,1,κ”Κ‹£‘“όD
20141006,“–΄K’nζU‹»•”,X—Ρ®”υ‰Ϋ,•½¬‚Q‚U”N“x@§–h@‘ζ‚P‚X†,§“y–hΠ‘Ξτ΅R–‹Ζ,“–΄KS–kR‘Ί‘ε@‘εΐ@@•½“c@’n“ΰ,’†γY‹Ζ”®‰οΠ,2216160,1941078,2016360,2,κ”Κ‹£‘“όD
20141006,“–΄K’nζU‹»•”,X—Ρ®”υ‰Ϋ,•½¬‚Q‚U”N“x@ƒrΠ@‘ζ‚Q†,΅RƒrΠQ‘Ξτ“Α•Κ‹Ω‹}–‹Ζ,V‹{s²–μ@ΨY@’n“ΰ,”®‰οΠ‰λέ,19936800,17813896,17904240,8,κ”Κ‹£‘“όD
20141003,Ό–΄K’nζU‹»•”,”_‹Ζ”_‘Ί®”υ‰Ϋ,•½¬‚Q‚T”N“x@’†RΤ@‘ζ‚P†|‚V,“ϊό’n‹ζ‚Ωκ‘Ά¬•t‘Ρ‚»‚Μ‚RH–,“c•Σsγ–F—{’n“ΰ,oϋ“y–Ψ,2333880,2074535,2079745,12,κ”Κ‹£‘“όD
20141001,“ϊ‚’nζU‹»•”,”_‹Ζ”_‘Ί®”υ‰Ϋ,•½¬‚Q‚U”N“x@”¨‘@‘ζ‚Q†|‚P,‚έ‚Θ‚Χ’n‹ζ”_“Ή®”υ‚»‚Μ‚WH–,“ϊ‚S‚έ‚Θ‚Χ’¬‹Ψ’n“ΰ,—Lΐ‰οΠƒJ[ƒTξ‘b,20937960,19222444,19225080,22,κ”Κ‹£‘“όD
20141001,“ϊ‚’nζU‹»•”,”_‹Ζ”_‘Ί®”υ‰Ϋ,•½¬‚Q‚T”N“x@ξ…@‘ζ‚Q†|‚P,–Ό“c’n‹ζ‘—…{έXV‚»‚Μ‚UH–,δ–VsF–μ’n“ΰ,”®‰οΠ“μY‹Ζ,20512440,18285386,18468000,13,κ”Κ‹£‘“όD
20140930,Ι“s’nζU‹»•”,X—Ρ®”υ‰Ϋ,•½¬‚Q‚T”N“x@ΈΠ‘Ξτ@‘ζ‚P†|‚R,R’nΠQ‘‡ΈΠ‘Ξτ΅R–‹Ζέv‹Ζ–±,Ι“sS‚©‚Β‚η‚¬’¬‰Τ‰€’†“μ’Jƒm£@’n“ΰ,”®‰οΠΞδƒRƒ“ƒTƒ‹ƒ^ƒ“ƒg,5680800,4390021,5400000,6,κ”Κ‹£‘“όD
20140929,Ό–΄K’nζU‹»•”,X—Ρ®”υ‰Ϋ,•½¬‚Q‚T”N“x@—\–h@‘ζ‚V†|‚Q,—\–h΅R–‹Ζ,“c•Σs–{‹{’¬κ–{Ό’·”φ‰Ή–³@’n“ΰ,”®‰οΠƒ^ƒCƒƒ…ƒEέ,30570480,27208933,27548640,5,κ”Κ‹£‘“όD
20140925,C‘’nζU‹»•”,”_‹Ζ”_‘Ί®”υ‰Ϋ,•½¬‚Q‚U”N“x@§„@‘ζ‚P†|‚P,“cK’n‹ζ”r…‘Ξτ®”υ\‘z“Ά‹Ζ–±,a‰ΜRs“cKO’n“ΰ,ƒLƒ^ƒCέv”®‰οΠa‰ΜR––±,4006800,2910674,3888000,2,κ”Κ‹£‘“όD
20140924,“ί‰κ’nζU‹»•”,”_‹Ζ”_‘Ί®”υ‰Ϋ,•½¬‚Q‚T”N“x@”¨‘@‘ζ‚S†|‚W,1†”r…H“—p“ΉH•‘ΡH‚»‚Μ6H–,‹I‚Μμs’|–[A“R’¬³@’n“ΰ,”®‰οΠR“‘g,22499640,20675167,20736000,10,κ”Κ‹£‘“όD
20140924,—L“c’nζU‹»•”,”_‹Ζ”_‘Ί®”υ‰Ϋ,•½¬‚Q‚U”N“x@¬…—Ν@‘ζ‚U†|‚T‚P,‘ε³’r’n‹ζ¬…—Ν”­“dέ”υ“±“ό‰Β”\«έv‹Ζ–±,—L“cSLμ’¬‰Ί’Γ–Ψ’n“ΰ,“ϊ–{H‰c”®‰οΠa‰ΜR‰c‹Ζ,5918400,4798230,5918400,1,κ”Κ‹£‘“όD
20140924,“ί‰κ’nζU‹»•”,”_‹Ζ”_‘Ί®”υ‰Ϋ,•½¬‚Q‚T”N“x@‚½‚ί’r“™@‘ζ‚P‚O†|‚P,‘ε’J’r‰όCH–,βos‘’J’n“ΰ,”®‰οΠ‘Oμ‘g,18380520,16762458,16910640,1,κ”Κ‹£‘“όD
20140924,“–΄K’nζU‹»•”,X—Ρ®”υ‰Ϋ,•½¬‚Q‚U”N“x@—\–h@‘ζ‚P‚O†|‚Q,—\–h΅R–‹Ζ,V‹{sF–μμ’¬“ϊ‘«@δέΞ@O@’n“ΰ,F–μμJ”­,22750200,20044026,20134440,8,κ”Κ‹£‘“όD
20140922,“ϊ‚’nζU‹»•”,”_‹Ζ”_‘Ί®”υ‰Ϋ,•½¬‚Q‚U”N“x@‘‡’²®@‘ζ‚Q†|‚P,‰Κχ±κ‚¤‚ί¤‹†’™…‘…~…H–,“ϊ‚S‚έ‚Θ‚Χ’¬“–{―’n“ΰ,”®‰οΠ‰ΝGH–±“X,1357560,1200369,1211544,2,κ”Κ‹£‘“όD
20140919,Ό–΄K’nζU‹»•”,X—Ρ®”υ‰Ϋ,•½¬‚Q‚U”N“x@…ΉΔ¶@‘ζ‚P†|‚Q,…ΉX—ΡΔ¶‘Ξτ–‹Ζ,“c•Σs’†•ΣH’¬‹ίI£‚Μμ@’n“ΰ,”®‰οΠΌ–{‘g,34873200,31207545,31273560,9,κ”Κ‹£‘“όDi‘‡•]‰Ώj
20140919,Ό–΄K’nζU‹»•”,”_‹Ζ”_‘Ί®”υ‰Ϋ,•½¬‚Q‚U”N“x@ξ…@‘ζ‚T†|‚R,•x“cμ’n‹ζ –μ“c”r…H®”υH–,Ό–΄KSγ•x“c’¬βθ’n“ΰ,¬΄έ,11621880,10554864,10575360,4,κ”Κ‹£‘“όD
20140919,Ό–΄K’nζU‹»•”,”_‹Ζ”_‘Ί®”υ‰Ϋ,•½¬‚Q‚U”N“x@’²ΈΗ—@‘ζ‚Q‚O†|‚T‚P,–Ϊ—Η’n‹ζCέ•Ϋ‘S‹ζζ‘δ’ XV‚»‚Μ‚P‹Ζ–±,“c•Σs“V_θ’n“ΰ,—Lΐ‰οΠ–΄π°‘—Κέv,2656800,1909513,2444040,14,κ”Κ‹£‘“όD
20140918,C‘’nζU‹»•”,”_‹Ζ”_‘Ί®”υ‰Ϋ,•½¬‚Q‚U”N“x@’n‚·‚Χ‚θ@‘ζ‚V†|‚P,‰i’J‚Qϊ’n‹ζ@‚f|‚PW…ƒ{[ƒƒ“ƒOH–,C‘S‹I”ό–μ’¬‰i’J’n“ΰ,”®‰οΠa”¨‘g,9866880,8759307,8804160,3,κ”Κ‹£‘“όD
20140918,“ϊ‚’nζU‹»•”,”_‹Ζ”_‘Ί®”υ‰Ϋ,•½¬‚Q‚T”N“x@‚½‚ί’r“™@‘ζ‚P‚O†|‚P,a‰ΜRi“ϊ‚j’n‹ζ@³“Ώ’r’η‘Μ‰όCH–,“ϊ‚S“ϊ‚’¬’r“c’n“ΰ,Ό,31307040,28016633,28332871,3,κ”Κ‹£‘“όD
20140917,“–΄K’nζU‹»•”,X—Ρ®”υ‰Ϋ,•½¬‚Q‚U”N“x@ƒrΠ@‘ζ‚S†|‚Q,΅RƒrΠQ‘Ξτ“Α•Κ‹Ω‹}–‹Ζ,V‹{sF–μμ’¬‹γd@a“c@’n“ΰ,—Lΐ‰οΠ’†μέ,34974720,31542094,31617000,7,κ”Κ‹£‘“όDi‘‡•]‰Ώj
20140917,“ί‰κ’nζU‹»•”,”_‹Ζ”_‘Ί®”υ‰Ϋ,•½¬‚Q‚U”N“x@‚½‚ί’r“™@‘ζ‚P‚X†|‚P,aƒ–’J’r‰όC‚»‚Μ‚QH–,‹I‚Μμs‹Muμ’¬–k’n“ΰ,–Ύ έ,5230440,4621939,5227200,1,κ”Κ‹£‘“όD
20140917,“ϊ‚’nζU‹»•”,X—Ρ®”υ‰Ϋ,•½¬‚Q‚U”N“x@•‹@‘ζ‚W†|‚Q,•‹΅R–‹Ζ,“ϊ‚S‚έ‚Θ‚Χ’¬΄μ@@ό‰FHZ@’n“ΰ,”®‰οΠ‘ε–Ψέ,47013480,42184115,42550920,14,κ”Κ‹£‘“όDi‘‡•]‰Ώj
20140917,“ϊ‚’nζU‹»•”,X—Ρ®”υ‰Ϋ,•½¬‚Q‚U”N“x@—\–h@‘ζ‚V†|‚Q,—\–h΅R–‹Ζ,“ϊ‚S“ϊ‚μ’¬‘εγ‰“’μ’Η’J@’n“ΰ,–k‘Ίέ”®‰οΠ,34648560,31438423,31633200,9,κ”Κ‹£‘“όDi‘‡•]‰Ώj
20140910,“ϊ‚’nζU‹»•”,”_‹Ζ”_‘Ί®”υ‰Ϋ,•½¬‚Q‚U”N“x@ξ…@‘ζ‚U†|‚T‚Q,–Ό“c2ϊ’n‹ζ‘—…{έ‘—Κ‹Ζ–±,δ–VsF–μA–k‰–‰®A“μ‰–‰®’n“ΰ,—Lΐ‰οΠ²X–Ψ‘—Κέv’n,5605200,4200419,4201686,13,κ”Κ‹£‘“όD
20140910,“ϊ‚’nζU‹»•”,”_‹Ζ”_‘Ί®”υ‰Ϋ,•½¬‚Q‚U”N“x@ξ…@‘ζ‚U†|‚T‚R,–Ό“c‚Qϊ’n‹ζ‘—…{έΐ{έv‚»‚Μ‚Q‹Ζ–±,δ–Vs‰–‰®’¬–k‰–‰®’n“ΰ,Β—tƒRƒ“ƒTƒ‹ƒ^ƒ“ƒg”®‰οΠ,10443600,7684329,7848360,7,κ”Κ‹£‘“όD
20140910,“ϊ‚’nζU‹»•”,”_‹Ζ”_‘Ί®”υ‰Ϋ,•½¬‚Q‚U”N“x@ξ…@‘ζ‚U†|‚T‚S,–Ό“c‚Qϊ’n‹ζ‘—…{έ‘—Κ‚»‚Μ‚Q‹Ζ–±,δ–Vs‰–‰®’¬–k‰–‰®’n“ΰ,—Lΐ‰οΠ“ϊA‹Z¤,5313600,3991762,3999240,12,κ”Κ‹£‘“όD
20140910,—L“c’nζU‹»•”,”_‹Ζ”_‘Ί®”υ‰Ϋ,•½¬‚Q‚T”N“x@…‡—@‘ζ‚P†|‚Q,—L“cE—L“cμ’n‹ζ…Η—{έ»μ•ti‚»‚Μ‚QjH–,—L“cS—L“cμ’¬_‘qO’n“ΰ,”®‰οΠκL,30657960,28136229,30013200,4,κ”Κ‹£‘“όD
20140910,“ϊ‚’nζU‹»•”,”_‹Ζ”_‘Ί®”υ‰Ϋ,•½¬‚Q‚U”N“x@®‘£@‘ζ‚Q†|‚T‚P,a‰ΜR‚Pϊ’n‹ζ‹Ω‹}Υ’f•Ωέv‹Ζ–±,δ–VsF–μA“ϊ‚S‚έ‚Θ‚Χ’¬“β‘γO’n“ΰ,ƒLƒ^ƒCέv”®‰οΠa‰ΜR––±,9795600,7177984,8380800,5,κ”Κ‹£‘“όD
20140909,“ί‰κ’nζU‹»•”,”_‹Ζ”_‘Ί®”υ‰Ϋ,•½¬‚Q‚T”N“x@”¨‘@‘ζ‚S†|‚V,1†”r…H“—p“ΉH•ά‘•3H‹ζH–,‹I‚Μμs’|–[’n“ΰ,”®‰οΠΦ‘g,5583600,5100414,5111640,18,κ”Κ‹£‘“όD
20140909,“ί‰κ’nζU‹»•”,”_‹Ζ”_‘Ί®”υ‰Ϋ,•½¬‚Q‚U”N“x@‚½‚ί’r“™@‘ζ‚U†|‚T‚P,C_’rέv‹Ζ–±,‹I‚Μμs–k’†’n“ΰ,”®‰οΠγaέƒRƒ“ƒTƒ‹ƒ^ƒ“ƒg,6382800,4915679,6318000,6,κ”Κ‹£‘“όD
20140908,“–΄K’nζU‹»•”,X—Ρ®”υ‰Ϋ,•½¬‚Q‚U”N“x@’n‚·‚Χ‚θ@‘ζ‚P†|‚R,’n‚·‚Χ‚θ–h~–‹Ζ’²Έ‹Ζ–±,V‹{sF–μμ’¬‹{δ ‰’J@O@’n“ΰ,‘“y–hΠ‹Zp”®‰οΠa‰ΜR‰c‹Ζ,7700400,5988095,6085800,3,κ”Κ‹£‘“όD
20140903,“–΄K’nζU‹»•”,”_‹Ζ”_‘Ί®”υ‰Ϋ,•½¬‚Q‚U”N“x@–hƒ_ƒ€@‘ζ‚P†|‚T‚O,¬ ƒ_ƒ€‘€μx‰‡ƒVƒXƒeƒ€μ¬‹Ζ–±,“–΄KS“ί’q‰Y’¬¬ ’n“ΰ,“ϊ–{H‰c”®‰οΠa‰ΜR‰c‹Ζ,22087080,16878044,17416080,2,κ”Κ‹£‘“όDi‘‡•]‰Ώj
20140902,Ι“s’nζU‹»•”,”_‹Ζ”_‘Ί®”υ‰Ϋ,•½¬‚Q‚U”N“x@¬…—Ν@‘ζ‚T†|‚T‚P,¬“cδ“ρH’n‹ζ¬…—Ν”­“dέ”υ“±“ό‰Β”\«έv‹Ζ–±,‹΄–{s‚–μϋ’¬¬“c’n“ΰ,“ϊ–{H‰c”®‰οΠa‰ΜR‰c‹Ζ,5200000,4206462,5199120,1,κ”Κ‹£‘“όD
20140901,“–΄K’nζU‹»•”,X—Ρ®”υ‰Ϋ,•½¬‚Q‚U”N“x@ƒrΠ@‘ζ‚P†|‚Q,΅RƒrΠQ‘Ξτ“Α•Κ‹Ω‹}–‹Ζ,V‹{s“μwρ@@“yƒm‰Ν@’n“ΰ,F–μμJ”­,26607960,23492409,23738400,13,κ”Κ‹£‘“όD
20140901,Ό–΄K’nζU‹»•”,X—Ρ®”υ‰Ϋ,•½¬‚Q‚U”N“x@—\–h@‘ζ‚X†|‚Q,—\–h΅R–‹Ζ,“c•Σsξ¬’¬¨‘γ@’n“ΰ,”®‰οΠƒCƒbƒLέ,26571240,23690167,23760000,19,κ”Κ‹£‘“όD
20140901,“ί‰κ’nζU‹»•”,X—Ρ®”υ‰Ϋ,•½¬‚Q‚U”N“x@—\–h@‘ζ‚Q†|‚Q,—\–h΅R–‹Ζ,‹I‚Μμs’†”¨@_q•½@’n“ΰ,‘“cέ,8931600,8011470,8470440,3,κ”Κ‹£‘“όD
20140829,Ό–΄K’nζU‹»•”,”_‹Ζ”_‘Ί®”υ‰Ϋ,•½¬‚Q‚U”N“x@§Π@‘ζ‚P†|‚P,γ–μ’n‹ζΠQ•‹H–,“c•Σsγ–μ’n“ΰ,”®‰οΠ‰•½H–±“X,1968840,1755790,1775844,5,κ”Κ‹£‘“όD
20140827,—L“c’nζU‹»•”,X—Ρ®”υ‰Ϋ,•½¬‚Q‚U”N“x@—\–h@‘ζ‚T†|‚Q,‰Ί“’μ’n‹ζ—\–h΅RH–,—L“cS—L“cμ’¬‰Ί“’μ“Ώ“c’J@’n“ΰ,D–{‘g,42196680,38320718,38398463,9,κ”Κ‹£‘“όDi‘‡•]‰Ώj
20140827,—L“c’nζU‹»•”,X—Ρ®”υ‰Ϋ,•½¬‚Q‚T”N“x@•‹@‘ζ‚Q†|‚Q,•‹΅R–‹Ζέv‹Ζ–±,—L“cS—L“cμ’¬γ“’μ‹|ƒ’ƒƒV@’n“ΰ,‘“y–hΠ‹Zp”®‰οΠa‰ΜR‰c‹Ζ,5160240,3869753,3958416,3,κ”Κ‹£‘“όD
20140827,—L“c’nζU‹»•”,X—Ρ®”υ‰Ϋ,•½¬‚Q‚T”N“x@•‹@‘ζ‚Q†|‚R,•‹΅R–‹Ζ’²Έ‹Ζ–±,—L“cS—L“cμ’¬γ“’μ‹|ƒ’ƒƒV@’n“ΰ,”®‰οΠ“ϊ‚‘’n,3921480,3153893,3168720,9,κ”Κ‹£‘“όD
20140827,“ϊ‚’nζU‹»•”,X—Ρ®”υ‰Ϋ,•½¬‚Q‚U”N“x@—\–h@‘ζ‚U†|‚Q,—\–h΅R–‹Ζ,“ϊ‚S“ϊ‚μ’¬‘ε–ν’J”΅@’n“ΰ,—Lΐ‰οΠ‘εK,28265760,25257424,25284960,20,κ”Κ‹£‘“όD
20140826,“–΄K’nζU‹»•”,X—Ρ®”υ‰Ϋ,•½¬‚Q‚U”N“x@ƒrΠ@‘ζ‚T†|‚Q,΅RƒrΠQ‘Ξτ“Α•Κ‹Ω‹}–‹Ζ,“–΄KS“ί’q‰Y’¬‘ε@‚’Γ‹C@@•τ@’n“ΰ,δ“›έ”®‰οΠ,51865920,46554893,47520000,13,κ”Κ‹£‘“όDi‘‡•]‰Ώj
20140826,“–΄K’nζU‹»•”,X—Ρ®”υ‰Ϋ,•½¬‚Q‚U”N“x@’n‚·‚Χ‚θ@‘ζ‚P†|‚Q,’n‚·‚Χ‚θ–h~–‹Ζ,V‹{sF–μμ’¬‹{δ@‰’J@O@’n“ΰ,”®‰οΠƒ^ƒjƒKƒLH,45429120,42037642,42053040,5,κ”Κ‹£‘“όDi‘‡•]‰Ώj
20140825,“–΄K’nζU‹»•”,X—Ρ®”υ‰Ϋ,•½¬‚Q‚U”N“x@’n‚·‚Χ‚θ@‘ζ‚Q†|‚Q,’n‚·‚Χ‚θ–h~–‹Ζ,V‹{sF–μμ’¬“ϊ‘«@δέΞ@’n“ΰ,”®‰οΠ•“cξ‘b’²Έ,21385080,19056013,19086732,7,κ”Κ‹£‘“όD
20140825,“–΄K’nζU‹»•”,X—Ρ®”υ‰Ϋ,•½¬‚Q‚U”N“x@•‹@‘ζ‚P‚P†|‚Q,•‹΅R–‹Ζ,“–΄KS“ί’q‰Y’¬‘ε@“μ•½–μ@@’†‘]@’n“ΰ,O‰Y‘g,19454040,17274195,17382600,12,κ”Κ‹£‘“όD
20140822,“ϊ‚’nζU‹»•”,X—Ρ®”υ‰Ϋ,•½¬‚Q‚U”N“x@§–h@‘ζ‚P‚O†,§“y–hΠ‘Ξτ΅R–‹Ζ,“ϊ‚S‚έ‚Θ‚Χ’¬΄μ@@”~ƒm•½@’n“ΰ,”®‰οΠ‰iδέ,3607200,3233160,3596400,2,κ”Κ‹£‘“όD
20140821,Ό–΄K’nζU‹»•”,”_‹Ζ”_‘Ί®”υ‰Ϋ,•½¬‚Q‚U”N“x@‚½‚ί’r“™@‘ζ‚X†|‚P,a‰ΜRi“c•Σj’n‹ζ@@•Σ’J’r‰όCH–,“c•ΣsγH’Γ’n“ΰ,“cγ‘g,12314160,11041532,11099160,2,κ”Κ‹£‘“όD
20140820,—L“c’nζU‹»•”,”_‹Ζ”_‘Ί®”υ‰Ϋ,•½¬‚Q‚U”N“x@‚½‚ί’r“™@‘ζ‚W†|‚P,υ–Ύ›’r’n‹ζ@‚½‚ί’r‰όCH–,—L“cSLμ’¬R–{’n“ΰ,”®‰οΠ‡“―‹»‹Ζ,37179000,33346538,34225752,4,κ”Κ‹£‘“όDi‘‡•]‰Ώj
20140820,—L“c’nζU‹»•”,”_‹Ζ”_‘Ί®”υ‰Ϋ,•½¬‚Q‚U”N“x@‚½‚ί’r“™@‘ζ‚W†|‚T‚O,υ–Ύ›’r’n‹ζ@–‹Ζ‘ΉΈ’²Έi–‘O’²Έj‹Ζ–±,—L“cSLμ’¬R–{’n“ΰ,”®‰οΠφ‹¤•βέv,270000,217240,218160,8,κ”Κ‹£‘“όD
20140813,“ϊ‚’nζU‹»•”,”_‹Ζ”_‘Ί®”υ‰Ϋ,•½¬‚Q‚T”N“x@ν–h@‘ζ‚Q†|‚P,μ•Σ’¬ό•Σ3ϊ’n‹ζ‘—…{έXV‚»‚Μ‚QH–,“ϊ‚Sσ“μ’¬Όƒm’n’n“ΰ,”®‰οΠƒCƒƒLέ,24120720,21603980,21688668,18,κ”Κ‹£‘“όD
20140813,“ϊ‚’nζU‹»•”,”_‹Ζ”_‘Ί®”υ‰Ϋ,•½¬‚Q‚T”N“x@’†RΤ–h@‘ζ‚Q†|‚S,–k‹g“c’n‹ζZ¶ƒ‘–ε’r—p”r…H‰όCH–,δ–Vs“΅“c’¬‹g“c’n“ΰ,—Lΐ‰οΠΠχ,16298280,14687770,14744160,12,κ”Κ‹£‘“όD
20140808,Ό–΄K’nζU‹»•”,X—Ρ®”υ‰Ϋ,•½¬‚Q‚U”N“x@§–h@‘ζ‚P‚T†,§“y–hΠ‘Ξτ΅R–‹Ζ,“c•Σs–{‹{’¬O‰zΤ‰ϋ–Ψ’J@’n“ΰ,“n£‘g,4229280,3827284,3844800,3,κ”Κ‹£‘“όD
20140805,Ι“s’nζU‹»•”,”_‹Ζ”_‘Ί®”υ‰Ϋ,•½¬‚Q‚T”N“x@‚½‚ί’r“™@‘ζ‚Q‚U†|‚Q,β‘q’r•t‘ΡH–,‹΄–{s‹χ“c’¬R“ΰ’n“ΰ,‘εΌ“y–Ψ,9136800,8173815,8175600,7,κ”Κ‹£‘“όD
20140805,“ί‰κ’nζU‹»•”,”_‹Ζ”_‘Ί®”υ‰Ϋ,•½¬‚Q‚T”N“x@‚½‚ί’r“™@‘ζ‚Q‚O†|‚P,Ό’J’r‰όC‚»‚Μ‚QH–,‹I‚Μμs‹Muμ’¬δƒmϋ’n“ΰ,—Lΐ‰οΠ‘”φέ,15548760,14005666,14038920,6,κ”Κ‹£‘“όD
20140805,Ι“s’nζU‹»•”,”_‹Ζ”_‘Ί®”υ‰Ϋ,•½¬‚Q‚T”N“x@’†RΤ@‘ζ‚R†|‚S,’†RΤ‘‡®”υ–‹Ζ@‹g΄’n‹ζ@•ά‘•E•t‘ΡH–,‹΄–{s‹g΄’n“ΰ,”®‰οΠE“cέ,8702640,7773331,7773840,6,κ”Κ‹£‘“όD
20140805,“ί‰κ’nζU‹»•”,”_‹Ζ”_‘Ί®”υ‰Ϋ,•½¬‚Q‚U”N“x@…‡—@‘ζ‚S†|‚P,“΅θδ…H’†”—ƒQ[ƒg‰όCέv‹Ζ–±,βos’†”—’n“ΰ,”®‰οΠ“μ‹Iq‘ƒZƒ“ƒ^[,1522800,1147865,1370520,1,κ”Κ‹£‘“όD
20140805,“–΄K’nζU‹»•”,”_‹Ζ”_‘Ί®”υ‰Ϋ,•½¬‚Q‚U”N“x@‚½‚ί’r“™@‘ζ‚Q‚S†|‚P,—^q’r‚½‚ί’r‰όC‚»‚Μ‚QH–,“–΄KS“ί’q‰Y’¬s‰®’n“ΰ,—Lΐ‰οΠγ‰Y‘g,52373520,47663451,52239600,2,κ”Κ‹£‘“όDi‘‡•]‰Ώj
20140804,“–΄K’nζU‹»•”,X—Ρ®”υ‰Ϋ,•½¬‚Q‚U”N“x@ƒrΠ@‘ζ‚R†|‚Q,΅RƒrΠQ‘Ξτ“Α•Κ‹Ω‹}–‹Ζ,V‹{s‘‰κ@Γ‰Ν@’n“ΰ,”®‰οΠCη²‘g,26762400,23967489,23986800,23,κ”Κ‹£‘“όD
20140804,“–΄K’nζU‹»•”,X—Ρ®”υ‰Ϋ,•½¬‚Q‚U”N“x@•‹@‘ζ‚P‚O†|‚Q,•‹΅R–‹Ζ,“–΄KS“ί’q‰Y’¬‘ε@“ί’qR@@“μ’J@O@’n“ΰ,•½–μ‘g,32328720,29264808,29293920,10,κ”Κ‹£‘“όD
20140730,“ϊ‚’nζU‹»•”,”_‹Ζ”_‘Ί®”υ‰Ϋ,•½¬‚Q‚U”N“x@®‘£@‘ζ‚P†|‚T‚Q,μ•Σ’¬ό•Σ…ΉH‹ζ’n‹ζ‘—…{έΐ{‘—Κ‹Ζ–±,“ϊ‚S“ϊ‚μ’¬a²’n“ΰ,”®‰οΠƒ}ƒGƒ‚ƒg,7819200,6070510,6085877,13,κ”Κ‹£‘“όD
20140730,“ϊ‚’nζU‹»•”,X—Ρ®”υ‰Ϋ,•½¬‚Q‚U”N“x@•‹@‘ζ‚S†|‚Q,•‹΅R–‹Ζ,“ϊ‚S“ϊ‚μ’¬‘ε@¦μ@@μ‡@’n“ΰ,‰Τυέ,18725040,16743955,16754040,13,κ”Κ‹£‘“όD
20140730,C‘’nζU‹»•”,”_‹Ζ”_‘Ί®”υ‰Ϋ,•½¬‚Q‚U”N“x@ξ…@‘ζ‚V†|‚T‚P,—Lχ”r…H’n‹ζ@•Ϋ‘Sv‰ζτ’θ‹Ζ–±,a‰ΜRs‰€•”’n“ΰ,”®‰οΠ“μ‹Iq‘ƒZƒ“ƒ^[,1911600,1495493,1515240,3,κ”Κ‹£‘“όD
20140729,Ι“s’nζU‹»•”,X—Ρ®”υ‰Ϋ,•½¬‚Q‚U”N“x@•‹@‘ζ‚Q†|‚Q,•‹΅R–‹Ζ,‹΄–{sR“c’–’JR@’n“ΰ,—Lΐ‰οΠ¬o‘g,16127640,14154755,14320800,7,κ”Κ‹£‘“όD
20140729,Ι“s’nζU‹»•”,X—Ρ®”υ‰Ϋ,•½¬‚Q‚U”N“x@—\–h@‘ζ‚R†|‚Q,—\–h΅R–‹Ζ,Ι“sS‚©‚Β‚η‚¬’¬‘ε”¨“o”φ@’n“ΰ,”®‰οΠ•F‘g,15402960,13537839,13860795,7,κ”Κ‹£‘“όD
20140728,Ό–΄K’nζU‹»•”,X—Ρ®”υ‰Ϋ,•½¬‚Q‚U”N“x@•‹@‘ζ‚T†|‚Q,•‹΅R–‹Ζ’²Έ‹Ζ–±,“c•Σs—΄_‘Ίΐδγ‘Ί@’n“ΰ,‰—p’nΏ”®‰οΠa‰ΜR‰c‹Ζ,4570560,3487124,3573720,2,κ”Κ‹£‘“όD
20140723,“ί‰κ’nζU‹»•”,”_‹Ζ”_‘Ί®”υ‰Ϋ,•½¬‚Q‚U”N“x@‚½‚ί’r“™@‘ζ‚P‚W†|‚T‚P,γƒm’rέv‹Ζ–±,‹I‚Μμs–k¨“c’n“ΰ,”®‰οΠ“μ‹Iq‘ƒZƒ“ƒ^[,5184000,3779326,3854520,9,κ”Κ‹£‘“όD
20140723,“ί‰κ’nζU‹»•”,”_‹Ζ”_‘Ί®”υ‰Ϋ,•½¬‚Q‚U”N“x@‚½‚ί’r“™@‘ζ‚Q‚V†|‚T‚P,’ΉΊ’rέv‹Ζ–±,‹I‚Μμsγ“cδ’n“ΰ,”®‰οΠƒZƒ“ƒ_ƒCH•”ƒRƒ“ƒTƒ‹ƒ^ƒ“ƒg,5097600,3830273,3849120,9,κ”Κ‹£‘“όD
20140723,“ί‰κ’nζU‹»•”,”_‹Ζ”_‘Ί®”υ‰Ϋ,•½¬‚Q‚U”N“x@‚½‚ί’r“™@‘ζ‚T†|‚T‚P,U’rέv‹Ζ–±,‹I‚Μμsγ’O¶’J’n“ΰ,”®‰οΠ“μ‹Iq‘ƒZƒ“ƒ^[,5043600,3845548,3851280,10,κ”Κ‹£‘“όD
20140722,Ό–΄K’nζU‹»•”,X—Ρ®”υ‰Ϋ,•½¬‚Q‚T”N“x@’n–h@‘ζ‚P†|‚S,’nζ–hΠ‘Ξτ‘‡΅R–‹Ζ,“c•ΣsH’Γμ‹ψθ@’n“ΰ,”®‰οΠ[£‘g,58521960,53141821,53366040,12,κ”Κ‹£‘“όDi‘‡•]‰Ώj
20140722,Ό–΄K’nζU‹»•”,”_‹Ζ”_‘Ί®”υ‰Ϋ,•½¬‚Q‚U”N“x@’†RΤ@‘ζ‚P†|‚P,“ϊό’n‹ζ”_‹Ζ—p{έ®”υH–,“c•Σsγ–F—{’n“ΰ,”®‰οΠκ’J‘‡J”­,13051800,11812819,11823840,17,κ”Κ‹£‘“όD
20140715,C‘’nζU‹»•”,”_‹Ζ”_‘Ί®”υ‰Ϋ,•½¬‚Q‚T”N“x@’n‚·‚Χ‚θ@‘ζ‚V†|‚R,‰i’J‚Qϊ’n‹ζ@‚k|‚QW…δH–,C‘S‹I”ό–μ’¬‰i’J’n“ΰ,”®‰οΠ•“cξ‘b’²Έ,17175240,15354157,15422184,7,κ”Κ‹£‘“όD
20140715,Ι“s’nζU‹»•”,”_‹Ζ”_‘Ί®”υ‰Ϋ,•½¬‚Q‚T”N“x@‚½‚ί’r“™@‘ζ‚Q‚U†|‚P,β‘q’r‚P†^…“f‰όCH–,‹΄–{s‹χ“c’¬‘‘’n“ΰ,Όμέ,27810000,25107864,25164000,7,κ”Κ‹£‘“όD
20140715,C‘’nζU‹»•”,”_‹Ζ”_‘Ί®”υ‰Ϋ,•½¬‚Q‚U”N“x@’n‚·‚Χ‚θ@‘ζ‚S†|‚P‚Q,’†“c’n‹ζ@—p’n‘—Κ‹Ζ–±,C‘S‹I”ό–μ’¬’†“c’n“ΰ,”®‰οΠƒZƒ“ƒ_ƒCH•”ƒRƒ“ƒTƒ‹ƒ^ƒ“ƒg,1684800,1256186,1259280,16,κ”Κ‹£‘“όD
20140715,Ι“s’nζU‹»•”,X—Ρ®”υ‰Ϋ,•½¬‚Q‚T”N“x@‘Β@•‹@‘ζ‚P†|‚Q,•‹΅R–‹Ζ,Ι“sS‚©‚Β‚η‚¬’¬‰Τ‰€–k›‚–μ’J@’n“ΰ,”®‰οΠ‘Ί“‘g,45908640,41558312,41969880,2,κ”Κ‹£‘“όDi‘‡•]‰Ώj
20140715,C‘’nζU‹»•”,X—Ρ®”υ‰Ϋ,•½¬‚Q‚U”N“x@•‹@‘ζ‚P†,•‹΅R–‹Ζ,C‘S‹I”ό–μ’¬–Ρ΄’†@‰±’J@’n“ΰ,’†’J‘g,6378480,5598533,5635440,7,κ”Κ‹£‘“όD
20140715,C‘’nζU‹»•”,X—Ρ®”υ‰Ϋ,•½¬‚Q‚U”N“x@—\–h@‘ζ‚P†,—\–h΅R–‹Ζ,C‘S‹I”ό–μ’¬‰~–Ύ›‹_“ΰ@’n“ΰ,”®‰οΠΆ‹IH‹Ζ,18996120,16713486,16799400,9,κ”Κ‹£‘“όD
20140714,“ί‰κ’nζU‹»•”,”_‹Ζ”_‘Ί®”υ‰Ϋ,•½¬‚Q‚U”N“x@‘‡’²®@‘ζ‚P†|‚P,‚©‚«E‚ΰ‚ΰ¤‹†K’i‰€Ξ_‰όCH–,‹I‚Μμs•²‰Ν’n“ΰ,‡‘‰οΠR“c“SH,2103840,1892436,1899720,4,κ”Κ‹£‘“όD
20140714,Ό–΄K’nζU‹»•”,X—Ρ®”υ‰Ϋ,•½¬‚Q‚T”N“x@•β³E•‹@‘ζ‚Q†|‚R,•‹΅R–‹Ζ,Ό–΄KSγ•x“c’¬‰¬‹½@’n“ΰ,”®‰οΠυέ,38453400,35105033,35355960,3,κ”Κ‹£‘“όDi‘‡•]‰Ώj
20140714,Ό–΄K’nζU‹»•”,X—Ρ®”υ‰Ϋ,•½¬‚Q‚U”N“x@•‹@‘ζ‚X†,•‹΅R–‹Ζ,“c•Σsγ–F—{Φ’J@’n“ΰ,—Lΐ‰οΠa¤,86188320,77674684,77675760,11,κ”Κ‹£‘“όDi‘‡•]‰Ώj
20140709,“ϊ‚’nζU‹»•”,”_‹Ζ”_‘Ί®”υ‰Ϋ,•½¬‚Q‚T”N“x@ξ…@‘ζ‚S†|‚Q,“ϊ‚’n‹ζ—g…{έXV‚»‚Μ‚QH–,“ϊ‚S“ϊ‚’¬t–Ψ’n“ΰ,—Lΐ‰οΠΓμέ,4394520,3942964,3960900,5,κ”Κ‹£‘“όD
20140708,“ί‰κ’nζU‹»•”,”_‹Ζ”_‘Ί®”υ‰Ϋ,•½¬‚Q‚T”N“x@”¨‘@‘ζ‚S†|‚U,1†”r…H“—p“ΉH•‘ΡH‚»‚Μ5H–,‹I‚Μμs’|–[A“R’¬³’n“ΰ,”®‰οΠ‰„σH‹Ζ,9842040,8996912,9001800,7,κ”Κ‹£‘“όD
20140708,”_‹Ζ”_‘Ί®”υ‰Ϋ,”_‹Ζ”_‘Ί®”υ‰Ϋ,•½¬‚Q‚U”N“x@‚½‚ί’²@‘ζ‚P†|‚T‚P,‚½‚ί’rκΔ“_’²Έ‚»‚Μ‚P‹Ζ–±,C“μs—’n“ΰ,”®‰οΠγa‘—Κέv,22985640,17570624,17673228,7,κ”Κ‹£‘“όD
20140708,”_‹Ζ”_‘Ί®”υ‰Ϋ,”_‹Ζ”_‘Ί®”υ‰Ϋ,•½¬‚Q‚U”N“x@‚½‚ί’²@‘ζ‚P†|‚T‚Q,‚½‚ί’rκΔ“_’²Έ‚»‚Μ‚Q‹Ζ–±,δ–Vs“’μ’¬•xΐ’n“ΰ,›‘—Κ”®‰οΠ,16926840,13014077,13024800,7,κ”Κ‹£‘“όD
20140708,Ι“s’nζU‹»•”,X—Ρ®”υ‰Ϋ,•½¬‚Q‚U”N“x@§–h@‘ζ‚W†,§“y–hΠ‘Ξτ΅R–‹Ζ’²Έ‹Ζ–±,Ι“sS‚©‚Β‚η‚¬’¬‰Τ‰€’†“μ’Jƒm£@’n“ΰ,”®‰οΠ‹ί‘γ‹Z¤,3069360,2377262,2408400,3,κ”Κ‹£‘“όD
20140707,Ό–΄K’nζU‹»•”,”_‹Ζ”_‘Ί®”υ‰Ϋ,•½¬‚Q‚U”N“x@ξ…@‘ζ‚T†|‚Q,•x“cμ’n‹ζ ”r…H®”υH–—p‰Όέ“ΉHέv‹Ζ–±,Ό–΄KSγ•x“c’¬βθ’n“ΰ,”®‰οΠγa‘—Κέv,1231200,924786,1119960,8,κ”Κ‹£‘“όD
20140707,Ό–΄K’nζU‹»•”,”_‹Ζ”_‘Ί®”υ‰Ϋ,•½¬‚Q‚T”N“x@ξ…@‘ζ‚T†|‚R,•x“cμ’n‹ζ ”r…H®”υH–—p‰Όέ“ΉH‘—Κ‹Ζ–±,Ό–΄KSγ•x“c’¬βθ’n“ΰ,”®‰οΠγa‘—Κέv,1101600,774907,1013040,8,κ”Κ‹£‘“όD
20140707,Ό–΄K’nζU‹»•”,X—Ρ®”υ‰Ϋ,•½¬‚Q‚T”N“x@•‹@‘ζ‚X†|‚S,•‹΅R–‹Ζ,“c•Σs[’J•Ξ@O@’n“ΰ,”®‰οΠ— ’nH–±“X,51385320,46822618,46827412,11,κ”Κ‹£‘“όDi‘‡•]‰Ώj
20140704,Ό–΄K’nζU‹»•”,X—Ρ®”υ‰Ϋ,•½¬‚Q‚U”N“x@§–h@‘ζ‚P‚Q†,§“y–hΠ‘Ξτ΅R–‹Ζ,“c•Σs’†•ΣH’¬I²μ‰¤q@’n“ΰ,–μ“cH,3197880,2856562,2861460,6,κ”Κ‹£‘“όD
20140701,Ι“s’nζU‹»•”,X—Ρ®”υ‰Ϋ,•½¬‚Q‚U”N“x@§–h@‘ζ‚R†,§“y–hΠ‘Ξτ΅R–‹Ζ,‹΄–{s‚–μϋ’¬‹γdIƒm–ΨƒTƒR@’n“ΰ,”®‰οΠ‚g‚x‚`‚s‚s,4950720,4317899,4466772,6,κ”Κ‹£‘“όD
20140701,Ι“s’nζU‹»•”,X—Ρ®”υ‰Ϋ,•½¬‚Q‚T”N“x@ΈΠ‘Ξτ@‘ζ‚P†|‚Q,R’nΠQ‘‡ΈΠ‘Ξτ΅R–‹Ζ,Ι“sS‚©‚Β‚η‚¬’¬‰Τ‰€’†“μ’Jƒm£@’n“ΰ,”®‰οΠ’‡Rέ,32392440,28764683,30086424,4,κ”Κ‹£‘“όD
20140627,Ό–΄K’nζU‹»•”,”_‹Ζ”_‘Ί®”υ‰Ϋ,•½¬‚Q‚U”N“x@’²ΈΗ—@‘ζ‚P‚T†|‚P,Ϊ”g’n‹ζ@μέ•βCH–,Ό–΄KS”’•l’¬“c’n“ΰ,”®‰οΠW,1384560,1231239,1232172,6,κ”Κ‹£‘“όD
20140625,“ϊ‚’nζU‹»•”,”_‹Ζ”_‘Ί®”υ‰Ϋ,•½¬‚Q‚T”N“x@¬…—Ν@‘ζ‚S†|‚T‚P,–Ό“c’n‹ζ‘Ύ—zυ”­“dέ”υ“±“ό‰Β”\«“Ά‹Ζ–±,δ–Vs–k‰–‰®Aγ–μA“νδ ’n“ΰ,”®‰οΠ‰R,2959200,2269751,2808000,7,κ”Κ‹£‘“όD
20140624,C‘’nζU‹»•”,X—Ρ®”υ‰Ϋ,•½¬‚Q‚U”N“x@§–h@‘ζ‚T†|‚Q,§“y–hΠ‘Ξτ΅R–‹Ζ’²Έ‹Ζ–±,a‰ΜRs“c–μ’n“ΰ,‰—p’nΏ”®‰οΠa‰ΜR‰c‹Ζ,2682720,2013462,2022840,4,κ”Κ‹£‘“όD
20140624,C‘’nζU‹»•”,X—Ρ®”υ‰Ϋ,•½¬‚Q‚U”N“x@§–h@‘ζ‚T†|‚P,§“y–hΠ‘Ξτ΅R–‹Ζ’²Έ‹Ζ–±,a‰ΜRs“c–μ’n“ΰ,”®‰οΠΌ‰Y‘g,3668760,2955286,2957040,9,κ”Κ‹£‘“όD
20140624,“–΄K’nζU‹»•”,X—Ρ®”υ‰Ϋ,•½¬‚Q‚T”N“x@‘Β@•‹@‘ζ‚R†|‚Q,•‹΅R–‹Ζ,V‹{sF–μμ’¬™’Λƒkƒ^ƒm›Ή@’n“ΰ,’†‰›έ”®‰οΠ,39638160,35489518,36255600,3,κ”Κ‹£‘“όDi‘‡•]‰Ώj
20140623,“ί‰κ’nζU‹»•”,X—Ρ®”υ‰Ϋ,•½¬‚Q‚U”N“x@§–h@‘ζ‚U†,§“y–hΠ‘Ξτ΅R–‹Ζ,‹I‚Μμs_’Κ@ξ”φ@’n“ΰ,ƒGƒ€έ,3323160,2902534,2986524,2,κ”Κ‹£‘“όD
20140618,“ϊ‚’nζU‹»•”,”_‹Ζ”_‘Ί®”υ‰Ϋ,•½¬‚Q‚U”N“x@®‘£@‘ζ‚P†|‚T‚P,μ•Σ’¬ό•Σ…ΉH‹ζ’n‹ζ‘—…{έΐ{έv‹Ζ–±,“ϊ‚S“ϊ‚μ’¬a²’n“ΰ,”®‰οΠ‹ί‘γ‹Z¤,10670400,8196219,8259624,7,κ”Κ‹£‘“όD
20140618,“ϊ‚’nζU‹»•”,X—Ρ®”υ‰Ϋ,•½¬‚Q‚U”N“x@•‹@‘ζ‚V†,•‹΅R–‹Ζ,“ϊ‚Sσ“μ’¬‘εμ–”¬’Χ@’n“ΰ,”®‰οΠ“yδέ,19157040,17254129,17311968,10,κ”Κ‹£‘“όD
20140617,“–΄K’nζU‹»•”,”_‹Ζ”_‘Ί®”υ‰Ϋ,•½¬‚Q‚U”N“x@–hƒ_ƒ€@‘ζ‚P†|‚P,¬ ƒ_ƒ€•t‘Φ“ΉH‚»‚Μ‚QH–,“–΄KS“ί’q‰Y’¬¬ ’n“ΰ,—Lΐ‰οΠ¬γ‘g,78098040,70574999,71031600,2,κ”Κ‹£‘“όDi‘‡•]‰Ώj
20140617,“ί‰κ’nζU‹»•”,”_‹Ζ”_‘Ί®”υ‰Ϋ,•½¬‚Q‚U”N“x@‚½‚ί’r“™@‘ζ‚P‚Q†|‚T‚P,Ό‚Μ’rέv‹Ζ–±,‹I‚Μμs“R’¬Εγ’n“ΰ,”®‰οΠ’†R‘‡ƒRƒ“ƒTƒ‹ƒ^ƒ“ƒg,6339600,4792404,4819932,13,κ”Κ‹£‘“όD
20140617,“ί‰κ’nζU‹»•”,”_‹Ζ”_‘Ί®”υ‰Ϋ,•½¬‚Q‚U”N“x@‚½‚ί’r“™@‘ζ‚P‚Q†|‚T‚Q,Ό‚Μ’r“yΏ’²Έ‹Ζ–±,‹I‚Μμs“R’¬Εγ’n“ΰ,”®‰οΠ•“cξ‘b’²Έ,3132000,2471348,2472120,24,κ”Κ‹£‘“όD
20140617,Ι“s’nζU‹»•”,”_‹Ζ”_‘Ί®”υ‰Ϋ,•½¬‚Q‚T”N“x@’†RΤ@‘ζ‚R†|‚R,’†RΤ‘‡®”υ–‹Ζ@‹g΄’n‹ζ@’Ύ»’rό•ΣH–,‹΄–{s‹g΄’n“ΰ,ΌY‹Ζ—Lΐ‰οΠ,9271800,8267199,8370000,7,κ”Κ‹£‘“όD
20140617,Ι“s’nζU‹»•”,”_‹Ζ”_‘Ί®”υ‰Ϋ,•½¬‚Q‚T”N“x@’†RΤ–h@‘ζ‚P†|‚Q,’†RΤ‘‡”_’n–hΠ–‹Ζ@—φ–μ’n‹ζ@•t‘ΡH–,‹΄–{s—φ–μE‘ό–μ’n“ΰ,NBM,5181840,4676431,4715064,6,κ”Κ‹£‘“όD
20140616,“–΄K’nζU‹»•”,X—Ρ®”υ‰Ϋ,•½¬‚Q‚U”N“x@§–h@‘ζ‚S†,§“y–hΠ‘Ξτ΅R–‹Ζ’²Έ‹Ζ–±,V‹{sF–μμ’¬‹{δ@‰’J@O@’n“ΰ,ƒAƒWƒAq‘”®‰οΠa‰ΜR‰c‹Ζ,1073520,911100,1063800,1,κ”Κ‹£‘“όD
20140616,Ό–΄K’nζU‹»•”,X—Ρ®”υ‰Ϋ,•½¬‚Q‚T”N“x@•‹@‘ζ‚S†|‚S,•‹΅R–‹Ζ,“c•Σs—΄_‘Ίΐδγ‘Ί@’n“ΰ,”®‰οΠΙ“΅‘g,37730880,33963367,34375320,6,κ”Κ‹£‘“όDi‘‡•]‰Ώj
20140611,—L“c’nζU‹»•”,X—Ρ®”υ‰Ϋ,•½¬‚Q‚U”N“x@‘JE•‹@‘ζ‚P†,‰θ’n‹ζ•‹΅RH–,—L“cS—L“cμ’¬‰θγ‰΅’J@’n“ΰ,—Yέ,14815440,13327578,13926600,6,κ”Κ‹£‘“όD
20140611,“ϊ‚’nζU‹»•”,X—Ρ®”υ‰Ϋ,•½¬‚Q‚U”N“x@—\–h@‘ζ‚W†,—\–h΅R–‹Ζ,“ϊ‚S“ϊ‚μ’¬‘εγ‰“’μ”«’n“ΰ,—Lΐ‰οΠƒ~ƒ„ƒ}H‹Ζ,18060840,16143584,16150320,20,κ”Κ‹£‘“όD
20140610,Ι“s’nζU‹»•”,”_‹Ζ”_‘Ί®”υ‰Ϋ,•½¬‚Q‚U”N“x@’n‚·‚Χ‚θ@‘ζ‚W†|‚P,’n‚·‚Χ‚θ‘Ξτ–‹Ζ@‹g΄“c΄’n‹ζ@…”²‚«ƒ{[ƒƒ“ƒO‚»‚Μ‚PH–,‹΄–{s‹g΄’n“ΰ,”®‰οΠƒ^ƒjƒKƒLH,17314560,15309880,15372720,8,κ”Κ‹£‘“όD
20140609,“–΄K’nζU‹»•”,X—Ρ®”υ‰Ϋ,•½¬‚Q‚U”N“x@ƒrΠ@‘ζ‚P†|‚P,΅RƒrΠQ‘Ξτ“Α•Κ‹Ω‹}–‹Ζέv‹Ζ–±,V‹{s“μwρ@“yƒm‰Ν@’n“ΰ,”®‰οΠ‚r‚e‚b,942840,684717,896400,3,κ”Κ‹£‘“όD
20140609,“–΄K’nζU‹»•”,X—Ρ®”υ‰Ϋ,•½¬‚Q‚U”N“x@ƒrΠ@‘ζ‚S†|‚P,΅RƒrΠQ‘Ξτ“Α•Κ‹Ω‹}–‹Ζέv‹Ζ–±,V‹{sF–μμ’¬‹γd@a“c@’n“ΰ,—Lΐ‰οΠ‹g–μ‘—Κέv––±,1360800,1006916,1296000,3,κ”Κ‹£‘“όD
20140609,“–΄K’nζU‹»•”,X—Ρ®”υ‰Ϋ,•½¬‚Q‚U”N“x@‘JE’n‚·‚Χ‚θ@‘ζ‚P†,’n‚·‚Χ‚θ–h~–‹Ζ,V‹{sF–μμ’¬‹{δ@‰’J@O@’n“ΰ,”®‰οΠƒ^ƒjƒKƒLH,16122240,14715970,14810040,7,κ”Κ‹£‘“όD
20140609,Ό–΄K’nζU‹»•”,X—Ρ®”υ‰Ϋ,•½¬‚Q‚T”N“x@•‹@‘ζ‚P‚Q†|‚S,•‹΅R–‹Ζ,“c•ΣsΌμ‰”R@’n“ΰ,’|“ΰέ,19316880,17126061,17126640,24,κ”Κ‹£‘“όD
20140609,“–΄K’nζU‹»•”,X—Ρ®”υ‰Ϋ,•½¬‚Q‚U”N“x@•‹@‘ζ‚P‚P†|‚P,•‹΅R–‹Ζέv‹Ζ–±,“–΄KS“ί’q‰Y’¬‘ε “μ•½–μ  ’†‘]@’n“ΰ,—Lΐ‰οΠF–μH‘—Κέv,699840,499705,658800,3,κ”Κ‹£‘“όD
20140609,“–΄K’nζU‹»•”,X—Ρ®”υ‰Ϋ,•½¬‚Q‚U”N“x@—\–h@‘ζ‚P‚O†|‚P,—\–h΅R–‹Ζέv‹Ζ–±,V‹{sF–μμ’¬“ϊ‘«δέΞ@O@’n“ΰ,”®‰οΠ‚r‚e‚b,760320,569845,723600,3,κ”Κ‹£‘“όD
20140606,…YU‹»‰Ϋ,…YU‹»‰Ϋ,•½¬‚Q‚U”N“x@Ν”|@‘ζ‚P†|‚P,C’κζ…{έC‘UH–,a‰ΜRs‰Α‘Ύ’nζ,•‹»έ”®‰οΠ,10547280,9701929,9774000,3,κ”Κ‹£‘“όD
20140606,Ό–΄K’nζU‹»•”,X—Ρ®”υ‰Ϋ,•½¬‚Q‚T”N“x@•β³E•‹@‘ζ‚Q†|‚Q,•‹΅R–‹Ζ,Ό–΄KSγ•x“c’¬‰¬‹½@’n“ΰ,”®‰οΠ‰•½H–±“X,4098600,3648401,3656340,8,κ”Κ‹£‘“όD
20140603,C‘’nζU‹»•”,”_‹Ζ”_‘Ί®”υ‰Ϋ,•½¬‚Q‚T”N“x@’n‚·‚Χ‚θ@‘ζ‚V†|‚P‚Q,‰i’J‚Qϊ’n‹ζ@’n‚·‚Χ‚θ’²ΈΟ‘‚»‚Μ‚T‹Ζ–±,C‘S‹I”ό–μ’¬‰i’J’n“ΰ,”®‰οΠ’†R‘‡ƒRƒ“ƒTƒ‹ƒ^ƒ“ƒg,3510000,2792170,2824200,16,κ”Κ‹£‘“όD
20140603,C‘’nζU‹»•”,”_‹Ζ”_‘Ί®”υ‰Ϋ,•½¬‚Q‚U”N“x@’n‚·‚Χ‚θ@‘ζ‚P†|‚P‚P,‰i’J‚Rϊ’n‹ζ@’n‚·‚Χ‚θ’²ΈΟ‘‚»‚Μ‚Q‹Ζ–±,C‘S‹I”ό–μ’¬‰i’J’n“ΰ,”®‰οΠΌ‰Y‘g,2224800,1791037,1791720,22,κ”Κ‹£‘“όD
20140603,C‘’nζU‹»•”,”_‹Ζ”_‘Ί®”υ‰Ϋ,•½¬‚Q‚U”N“x@’n‚·‚Χ‚θ@‘ζ‚S†|‚P‚P,’†“c’n‹ζ@’n‚·‚Χ‚θ’²ΈΟ‘‚»‚Μ‚U‹Ζ–±,C‘S‹I”ό–μ’¬’†“c’n“ΰ,”®‰οΠƒWƒIƒGƒ“ƒWƒjƒA,6372000,5179998,5192825,19,κ”Κ‹£‘“όD
20140603,Ι“s’nζU‹»•”,X—Ρ®”υ‰Ϋ,•½¬‚Q‚U”N“x@—\–h@‘ζ‚S†|‚P,—\–h΅R–‹Ζέv‹Ζ–±,Ι“sS‚–μ’¬“•x‹M“°–{@’n“ΰ,‰Y‹Zpm––±,1234440,910472,917244,11,κ”Κ‹£‘“όD
20140603,Ι“s’nζU‹»•”,X—Ρ®”υ‰Ϋ,•½¬‚Q‚U”N“x@—\–h@‘ζ‚R†|‚P,—\–h΅R–‹Ζέv‹Ζ–±,Ι“sS‚©‚Β‚η‚¬’¬‘ε”¨“o”φ@’n“ΰ,”®‰οΠ‹ί‹EƒRƒ“ƒTƒ‹ƒ^ƒ“ƒg,639360,462029,483840,7,κ”Κ‹£‘“όD
20140603,“ί‰κ’nζU‹»•”,X—Ρ®”υ‰Ϋ,•½¬‚Q‚U”N“x@—\–h@‘ζ‚Q†|‚P,—\–h΅R–‹Ζέv‹Ζ–±,‹I‚Μμs’†”¨@_q•½@’n“ΰ,”®‰οΠƒLƒƒRƒ“ƒTƒ‹ƒ^ƒ“ƒg,1488240,1186830,1309651,11,κ”Κ‹£‘“όD
20140602,Ό–΄K’nζU‹»•”,”_‹Ζ”_‘Ί®”υ‰Ϋ,•½¬‚Q‚U”N“x@’n‚·‚Χ‚θ@‘ζ‚Q†|‚T‚O,γ–μ“’n‹ζ…ΚΟ‘Eέ’u‚»‚Μ‚Q‹Ζ–±,“c•Σsγ–μ’n“ΰ,ƒƒRƒEƒRƒ“ƒTƒ‹ƒ^ƒ“ƒg”®‰οΠ,2959200,2303640,2359800,11,κ”Κ‹£‘“όD
20140528,“ϊ‚’nζU‹»•”,”_‹Ζ”_‘Ί®”υ‰Ϋ,•½¬‚Q‚U”N“x@‚½‚ί’r“™@‘ζ‚P‚T†|‚T‚Q,‚±‚Έ‚―“»’r’n‹ζ@‘—Κέv‹Ζ–±,“ϊ‚Sσ“μ’¬σ“μ΄’n“ΰ,”®‰οΠΞδƒRƒ“ƒTƒ‹ƒ^ƒ“ƒg,6296400,4920356,5940000,15,κ”Κ‹£‘“όD
20140528,“ϊ‚’nζU‹»•”,”_‹Ζ”_‘Ί®”υ‰Ϋ,•½¬‚Q‚U”N“x@‚½‚ί’r“™@‘ζ‚P‚T†|‚T‚P,‚±‚Έ‚―“»’r’n‹ζ@“yΏ’²Έ‹Ζ–±,“ϊ‚Sσ“μ’¬σ“μ΄’n“ΰ,”®‰οΠΞδƒRƒ“ƒTƒ‹ƒ^ƒ“ƒg,4028400,3185785,3195720,27,κ”Κ‹£‘“όD
20140528,“ϊ‚’nζU‹»•”,”_‹Ζ”_‘Ί®”υ‰Ϋ,•½¬‚Q‚U”N“x@‚½‚ί’r“™@‘ζ‚P‚S†|‚T‚Q,‘ε‘D‰Ν’r’n‹ζ@‘—Κέv‹Ζ–±,“ϊ‚S“ϊ‚’¬¬‰Y’n“ΰ,—Lΐ‰οΠƒ„ƒ}ƒjƒV,10508400,7979117,7993080,16,κ”Κ‹£‘“όD
20140528,“ϊ‚’nζU‹»•”,”_‹Ζ”_‘Ί®”υ‰Ϋ,•½¬‚Q‚U”N“x@‚½‚ί’r“™@‘ζ‚P‚S†|‚T‚P,‘ε‘D‰Ν’r’n‹ζ@“yΏ’²Έ‹Ζ–±,“ϊ‚S“ϊ‚’¬¬‰Y’n“ΰ,a‰ΜRq‘”®‰οΠ,3304800,2630519,2659262,27,κ”Κ‹£‘“όD
20140528,“ϊ‚’nζU‹»•”,”_‹Ζ”_‘Ί®”υ‰Ϋ,•½¬‚Q‚T”N“x@’n‚·‚Χ‚θ@‘ζ‚X†|‚T‚S,”ΣξF‰’n‹ζ’n”Υ’²Έ‚»‚Μ‚S‹Ζ–±,“ϊ‚S‚έ‚Θ‚Χ’¬”ΣξAF‰@’n“ΰ,—Lΐ‰οΠ‰–{“y–Ψ‹Zp,6166800,5053660,5092524,15,κ”Κ‹£‘“όD
20140528,“ϊ‚’nζU‹»•”,X—Ρ®”υ‰Ϋ,•½¬‚Q‚U”N“x@—\–h@‘ζ‚V†|‚P,—\–h΅R–‹Ζέv‹Ζ–±Ο‘υ,“ϊ‚S“ϊ‚μ’¬‘εγ‰“’μ’Η’J@’n“ΰ,—Lΐ‰οΠƒ„ƒ}ƒjƒV,1416960,1051995,1339200,7,κ”Κ‹£‘“όD
20140528,“ϊ‚’nζU‹»•”,X—Ρ®”υ‰Ϋ,•½¬‚Q‚U”N“x@—\–h@‘ζ‚U†|‚P,—\–h΅R–‹Ζέv‹Ζ–±Ο‘υ,“ϊ‚S“ϊ‚μ’¬‘ε@–ν’J@@”΅@’n“ΰ,”®‰οΠƒ}ƒGƒ‚ƒg,1040040,792663,972000,7,κ”Κ‹£‘“όD
20140527,Ι“s’nζU‹»•”,X—Ρ®”υ‰Ϋ,•½¬‚Q‚U”N“x@•‹@‘ζ‚Q†|‚P,•‹΅R–‹Ζέv‹Ζ–±,‹΄–{sR“c’–’JR@’n“ΰ,—Lΐ‰οΠ”φθ‘—Κέv,713880,537580,542160,7,κ”Κ‹£‘“όD
20140526,“–΄K’nζU‹»•”,X—Ρ®”υ‰Ϋ,•½¬‚Q‚U”N“x@§–h@‘ζ‚Q†|‚P,§“y–hΠ‘Ξτ΅R–‹Ζ’²Έ‹Ζ–±,“–΄KS“ί’q‰Y’¬‘ε@“ί’qR@@“μ’J@’n“ΰ,Β—tƒRƒ“ƒTƒ‹ƒ^ƒ“ƒg”®‰οΠ,14866200,12202744,12307680,15,κ”Κ‹£‘“όD
20140526,“–΄K’nζU‹»•”,X—Ρ®”υ‰Ϋ,•½¬‚Q‚U”N“x@ƒrΠ@‘ζ‚R†|‚P,΅RƒrΠQ‘Ξτ“Α•Κ‹Ω‹}–‹Ζέv‹Ζ–±,V‹{s‘‰κ@@Γ‰Ν@’n“ΰ,—Lΐ‰οΠF–μH‘—Κέv,1818720,1386010,1717200,3,κ”Κ‹£‘“όD
20140526,“–΄K’nζU‹»•”,X—Ρ®”υ‰Ϋ,•½¬‚Q‚U”N“x@ƒrΠ@‘ζ‚T†|‚P,΅RƒrΠQ‘Ξτ“Α•Κ‹Ω‹}–‹Ζέv‹Ζ–±,“–΄KS“ί’q‰Y’¬‘ε@‚’Γ‹C@@•τ@’n“ΰ,—Lΐ‰οΠ‹g–μ‘—Κέv––±,660960,502560,648000,3,κ”Κ‹£‘“όD
20140526,“–΄K’nζU‹»•”,X—Ρ®”υ‰Ϋ,•½¬‚Q‚U”N“x@’n‚·‚Χ‚θ@‘ζ‚Q†|‚P,’n‚·‚Χ‚θ–h~–‹Ζ’²Έ‹Ζ–±,V‹{sF–μμ’¬“ϊ‘«@δέΞ@O@’n“ΰ,”®‰οΠ‰Κ–³,3147120,2662593,3084480,2,κ”Κ‹£‘“όD
20140526,“–΄K’nζU‹»•”,X—Ρ®”υ‰Ϋ,•½¬‚Q‚U”N“x@’n‚·‚Χ‚θ@‘ζ‚P†|‚P,’n‚·‚Χ‚θ–h~–‹Ζ’²Έ‹Ζ–±,V‹{sF–μμ’¬‹{δ@‰’J@O@’n“ΰ,”®‰οΠ“ϊ‚‘’n,13330440,11209804,11210400,16,κ”Κ‹£‘“όD
20140526,“–΄K’nζU‹»•”,X—Ρ®”υ‰Ϋ,•½¬‚Q‚U”N“x@•‹@‘ζ‚P‚O†|‚P,•‹΅R–‹Ζέv‹Ζ–±,“–΄KS“ί’q‰Y’¬‘ε@“ί’qR@@“μ’J@O@’n“ΰ,”®‰οΠ‚r‚e‚b,626400,456370,604800,3,κ”Κ‹£‘“όD
20140526,Ό–΄K’nζU‹»•”,X—Ρ®”υ‰Ϋ,•½¬‚Q‚U”N“x@—\–h@‘ζ‚X†|‚P,—\–h΅R–‹Ζέv‹Ζ–±,“c•Σsξ¬’¬¨‘γ@’n“ΰ,”®‰οΠγa‘—Κέv,858600,623906,772200,6,κ”Κ‹£‘“όD
20140521,“ϊ‚’nζU‹»•”,X—Ρ®”υ‰Ϋ,•½¬‚Q‚U”N“x@•‹@‘ζ‚W†|‚P,•‹΅R–‹Ζέv‹Ζ–±Ο‘υ,“ϊ‚S‚έ‚Θ‚Χ’¬΄μ@@ό‰FHZ@’n“ΰ,”®‰οΠO‹I‰®‘—Κ,2320920,1691278,2203200,7,κ”Κ‹£‘“όD
20140521,“ϊ‚’nζU‹»•”,X—Ρ®”υ‰Ϋ,•½¬‚Q‚U”N“x@•‹@‘ζ‚S†|‚P,•‹΅R–‹Ζέv‹Ζ–±Ο‘υ,“ϊ‚S“ϊ‚μ’¬‘ε@¦μ@@μ‡@’n“ΰ,”®‰οΠ‰R,1496880,1098091,1404000,7,κ”Κ‹£‘“όD
20140521,—L“c’nζU‹»•”,X—Ρ®”υ‰Ϋ,•½¬‚Q‚U”N“x@—\–h@‘ζ‚T†|‚P,—\–h΅R–‹Ζέv‹Ζ–±,—L“cS—L“cμ’¬‰Ί“’μ“Ώ“c’J@’n“ΰ,”®‰οΠΞδƒRƒ“ƒTƒ‹ƒ^ƒ“ƒg,1893240,1462755,1674000,10,κ”Κ‹£‘“όD
20140520,Ι“s’nζU‹»•”,”_‹Ζ”_‘Ί®”υ‰Ϋ,•½¬‚Q‚T”N“x@‚½‚ί’r“™@‘ζ‚Q‚U†|‚T‚Q,β‘q’r‚P†^…“fέv‹Ζ–±,‹΄–{s‹χ“c’¬‘‘’n“ΰ,”®‰οΠƒV[ƒGƒXƒGƒX,1112400,917852,1067785,8,κ”Κ‹£‘“όD
20140519,Ό–΄K’nζU‹»•”,X—Ρ®”υ‰Ϋ,•½¬‚Q‚U”N“x@§–h@‘ζ‚P†|‚P,§“y–hΠ‘Ξτ΅R–‹Ζ’²Έ‹Ζ–±,“c•ΣsγH’Γμ’†ϋ@’n“ΰ,a‹Zp”®‰οΠ,30804840,26164819,26424360,21,κ”Κ‹£‘“όD
20140519,Ό–΄K’nζU‹»•”,X—Ρ®”υ‰Ϋ,•½¬‚Q‚U”N“x@§–h@‘ζ‚P†|‚Q,§“y–hΠ‘Ξτ΅R–‹Ζ’²Έ‹Ζ–±,“c•ΣsγH’Γμ’†ϋ@’n“ΰ,‰—p’nΏ”®‰οΠa‰ΜR‰c‹Ζ,4148280,3017028,3125520,2,κ”Κ‹£‘“όD
20140519,Ό–΄K’nζU‹»•”,X—Ρ®”υ‰Ϋ,•½¬‚Q‚U”N“x@…ΉΔ¶@‘ζ‚P†|‚P,…ΉX—ΡΔ¶‘Ξτ–‹Ζέv‹Ζ–±,“c•Σs’†•ΣH’¬‹ίI£‚Μμ@’n“ΰ,—Lΐ‰οΠ“μ‹I‘—Κ,1313280,944784,1204200,7,κ”Κ‹£‘“όD
20140519,Ό–΄K’nζU‹»•”,X—Ρ®”υ‰Ϋ,•½¬‚Q‚T”N“x@’n–h@‘ζ‚P†|‚R,’nζ–hΠ‘Ξτ‘‡΅R–‹Ζ,“c•ΣsγH’Γ‰Ί”¨@’n“ΰ,”®‰οΠυέ,16430040,14779274,14786280,3,κ”Κ‹£‘“όD
20140519,Ό–΄K’nζU‹»•”,”_‹Ζ”_‘Ί®”υ‰Ϋ,•½¬‚Q‚T”N“x@’†RΤ@‘ζ‚P†|‚U,“ϊό’n‹ζi“ό“ΉH‚»‚Μ‚UH–,“c•Σsγ–F—{’n“ΰ,”®‰οΠK‹PJ”­,15617880,13960213,14004252,6,κ”Κ‹£‘“όD
20140519,Ό–΄K’nζU‹»•”,X—Ρ®”υ‰Ϋ,•½¬‚Q‚T”N“x@•‹@‘ζ‚X†|‚R,•‹΅R–‹Ζ,“c•Σs[’J•Ξ@O@’n“ΰ,”®‰οΠ‹{e‘g,61417440,56382634,56442960,12,κ”Κ‹£‘“όDi‘‡•]‰Ώj
20140519,Ό–΄K’nζU‹»•”,X—Ρ®”υ‰Ϋ,•½¬‚Q‚T”N“x@•‹@‘ζ‚W†|‚Q,•‹΅R–‹Ζ,“c•Σs’†•ΣH’¬¬F\‹γμ@’n“ΰ,―“c‘g,24968520,22285619,22555800,5,κ”Κ‹£‘“όD
20140519,Ό–΄K’nζU‹»•”,X—Ρ®”υ‰Ϋ,•½¬‚Q‚U”N“x@•‹@‘ζ‚U†|‚P,•‹΅R–‹Ζέv‹Ζ–±,“c•Σs—΄_‘ΊOƒc–”—³“@’n“ΰ,—Lΐ‰οΠ—΄a‹»‹Ζ,3061800,2319364,2781000,9,κ”Κ‹£‘“όD
20140514,—L“c’nζU‹»•”,”_‹Ζ”_‘Ί®”υ‰Ϋ,•½¬‚Q‚T”N“x@’n‚·‚Χ‚θ@‘ζ‚U†|‚T‚P,l“c2ϊ’n‹ζ’n‚·‚Χ‚θΟ‘ip‘±j‹Ζ–±,—L“cS—L“cμ’¬£δ’n“ΰ,”®‰οΠƒf[ƒ^‹Z¤,1317600,1003072,1049090,12,κ”Κ‹£‘“όD
20140514,—L“c’nζU‹»•”,”_‹Ζ”_‘Ί®”υ‰Ϋ,•½¬‚Q‚U”N“x@‚ΩκΒ‹«@‘ζ‚P†|‚P,μϋ’n‹ζ•ά‘••‹H–,—L“cS—L“cμ’¬μϋ’n“ΰ,”®‰οΠΦ‘g,7935840,7250547,7277040,22,κ”Κ‹£‘“όD
20140514,—L“c’nζU‹»•”,X—Ρ®”υ‰Ϋ,•½¬‚Q‚U”N“x@•‹@‘ζ‚R†|‚Q,•‹΅R–‹Ζέv‹Ζ–±,—L“cS—L“cμ’¬”Β”φ–Ψ’n‰®@’n“ΰ,ƒAƒWƒAq‘”®‰οΠa‰ΜR‰c‹Ζ,6338520,4874723,5344920,5,κ”Κ‹£‘“όD
20140514,—L“c’nζU‹»•”,X—Ρ®”υ‰Ϋ,•½¬‚Q‚U”N“x@•‹@‘ζ‚R†|‚P,•‹΅R–‹Ζ’²Έ‹Ζ–±,—L“cS—L“cμ’¬”Β”φ–Ψ’n‰®@’n“ΰ,”®‰οΠ‹ί‹EƒRƒ“ƒTƒ‹ƒ^ƒ“ƒg,15449400,12551982,12590721,23,κ”Κ‹£‘“όD
20140509,“ϊ‚’nζU‹»•”,”_‹Ζ”_‘Ί®”υ‰Ϋ,•½¬‚Q‚T”N“x@…‡—@‘ζ‚R†|‚P,a‰ΜR’n‹ζ“ϊ‚H‹ζa“c…–ε“™®”υ–‹Ζv‰ζτ’θ‹Ζ–±,“ϊ‚S”ό•l’¬a“c’n“ΰ,‚m‚s‚bƒRƒ“ƒTƒ‹ƒ^ƒ“ƒc”®‰οΠa‰ΜR‰c‹Ζ,3834000,2913939,3672000,3,κ”Κ‹£‘“όD
20140501,“ϊ‚’nζU‹»•”,”_‹Ζ”_‘Ί®”υ‰Ϋ,•½¬‚Q‚T”N“x@‚½‚ί’r“™@‘ζ‚P‚O†|‚T‚R,a‰ΜRi“ϊ‚j’n‹ζ@“yΏ’²Έ‹Ζ–±,“ϊ‚S“ϊ‚’¬’r“cE¬’r’n“ΰ,”®‰οΠƒ^ƒjƒKƒLH,2505600,2016455,2017440,33,κ”Κ‹£‘“όD
20140421,Ό–΄K’nζU‹»•”,X—Ρ®”υ‰Ϋ,•½¬‚Q‚T”N“x@’n–h@‘ζ‚P†|‚V,’nζ–hΠ‘Ξτ‘‡΅R–‹Ζ,“c•ΣsγH’Γ‰Ί²ό@’n“ΰ,‰–{έ,7683120,6765442,6779160,9,κ”Κ‹£‘“όD
20140421,Ό–΄K’nζU‹»•”,X—Ρ®”υ‰Ϋ,•½¬‚Q‚T”N“x@•‹@‘ζ‚P‚Q†|‚Q,•‹΅R–‹Ζ’²Έ‹Ζ–±,“c•ΣsΌμ‰”R@’n“ΰ,‰—p’nΏ”®‰οΠa‰ΜR‰c‹Ζ,2965680,2228148,2241000,2,κ”Κ‹£‘“όD
20140414,Ό–΄K’nζU‹»•”,X—Ρ®”υ‰Ϋ,•½¬‚Q‚T”N“x@‘Β@•‹@‘ζ‚Q†,•‹΅R–‹Ζ,“c•Σs—΄_‘Ί’O¶ƒmμ‹ψ£Λ @’n“ΰ,‹΄–{‘g,40790520,37245976,37263240,11,κ”Κ‹£‘“όDi‘‡•]‰Ώj
20140407,Ό–΄K’nζU‹»•”,”_‹Ζ”_‘Ί®”υ‰Ϋ,•½¬‚Q‚T”N“x@’n‚·‚Χ‚θ@‘ζ‚Q†|‚T‚Q,γ–μ“’n‹ζ…ΚΟ‘Eέ’u‚»‚Μ‚P‹Ζ–±,“c•Σsγ–μ’n“ΰ,ƒƒRƒEƒRƒ“ƒTƒ‹ƒ^ƒ“ƒg”®‰οΠ,2775600,2245497,2315520,9,κ”Κ‹£‘“όD
20140407,Ό–΄K’nζU‹»•”,X—Ρ®”υ‰Ϋ,•½¬‚Q‚T”N“x@•β³E•‹@‘ζ‚Q†|‚P,•‹΅R–‹Ζέv‹Ζ–±,Ό–΄KSγ•x“c’¬‰¬‹½@’n“ΰ,¬μ‘—Κέv”®‰οΠ,2181600,1585252,2084400,9,κ”Κ‹£‘“όD
